"Título","Actividad","Temática","Dirección","Teléfono","e-mail","Web","Otros","UAP","Tipo de recurso","Población diana","Zona Accción","Dirección: coordenadas","Modificado por"
"Mobidurango","SOAF","[""Actividad física""]","{""DisplayName"":""DURANGO KIROLAK - Landako II"",""LocationUri"":""https://www.bingapis.com/api/v6/localbusinesses/YN777097929DD61956?setLang=es-ES"",""EntityType"":""LocalBusiness"",""Address"":{""Street"":""Barrio de Arriputzueta 3"",""City"":""Durango"",""State"":""País Vasco / Euskadi"",""CountryOrRegion"":""España"",""PostalCode"":""48200"",""Type"":""Unknown"",""IsInferred"":""False""},""Coordinates"":{""Latitude"":43.1726,""Longitude"":-2.62704}}","637.419.418","mobidurango@durango.eus",,,"[""Durango""]","[""Deportivo""]","[""Población general"",""Personas mayores""]","Local","Point (-2.62704 43.1726)","CESAR ENRIQUE PINARGOTE GAVILANES"
"Diputación Foral de Bizkaia",,"[""Otro""]","{""EntityType"":""LocalBusiness"",""LocationUri"":""https://www.bingapis.com/api/v6/localbusinesses/YNFC574BBC87D5E970?setLang=es-ES"",""DisplayName"":""Diputación Foral de Bizkaia"",""Address"":{""Street"":""Avenida Lehendakari Aguirre 9"",""City"":""Bilbao"",""State"":""País Vasco / Euskadi"",""CountryOrRegion"":""España"",""PostalCode"":""48014"",""Type"":""Unknown"",""IsInferred"":""False""},""Coordinates"":{""Latitude"":43.2621,""Longitude"":-2.93211}}",,,,,"[""Abadiño Elorrio Berriz"",""Aiara"",""Amorebieta"",""Arratia"",""Arrigorriaga"",""Basauri Ariz"",""Basauri Kareaga"",""Bermeo"",""Durango"",""Etxebarri"",""Galdakao"",""Gernika"",""Gernikaldea"",""Lekeitio"",""Llodio"",""Markina"",""Ondarroa""]","[""Institución pública""]","[""Población general""]","Provincial","Point (-2.93211 43.2621)","CESAR ENRIQUE PINARGOTE GAVILANES"
"Asites Asociación Internacional del Teléfono de la Esperanza","Intervención en crisis: servicio urgente, gratuito, anónimo y especializado para abordar
las crisis emocionales.
Servicio de Orientación telefónica 24h.
Servicio de Orientación por chat.
Intervención en entrevista personal.
Grupos de apoyos específicos.
Programa de acompañamiento en la soledad.
Además, desarrolla acciones de formación, sensibilización e incidencia política
Formación a demanda: bienestar emocional, gestión del
estrés, prevención del suicidio, formación para padres y
madres, educadores y jóvenes.
Charlas.
Visitas y participación en actividades en la sede social.
Revista A vivir.
Colaboración en narrativas para para el diseño de escape
rooms y breakouts educativos.","[""Salud mental/Bienestar emocional""]","{""EntityType"":""Unknown"",""LocationUri"":""https://www.bingapis.com/api/v6/geoentities/5668266183216857089?setLang=es-ES"",""DisplayName"":""Bilbao"",""Address"":{""City"":""Bilbao"",""State"":""País Vasco / Euskadi"",""CountryOrRegion"":""España"",""PostalCode"":""48002"",""Type"":""Unknown"",""IsInferred"":""False""},""Coordinates"":{""Latitude"":43.2497,""Longitude"":-2.9469}}","644.514.414","euskadi@telefonodelaesperanza.org","https://telefonodelaesperanza.org/euskadi",,"[""Abadiño Elorrio Berriz"",""Aiara"",""Amorebieta"",""Arratia"",""Arrigorriaga"",""Basauri Ariz"",""Basauri Kareaga"",""Durango"",""Bermeo"",""Galdakao"",""Etxebarri"",""Gernikaldea"",""Gernika"",""Llodio"",""Markina"",""Ondarroa"",""Lekeitio""]","[""Asociación""]","[""Personas en riesgo de exclusión social""]","Estatal","Point (-2.9469 43.2497)","CESAR ENRIQUE PINARGOTE GAVILANES"
"Herri Auzo Elkartea",,"[""Cultura, ocio y naturaleza""]",,,,,"Sabino y Txema","[""Durango""]","[""Asociación""]","[""Población general""]","Local",,"CESAR ENRIQUE PINARGOTE GAVILANES"
"Ayuntamiento de Durango - Personas Mayores","Desarrollar programas y acciones para el fomento de un envejecimiento activo, saludable, participativo e integrador en las personas mayores.","[""Personas Mayores""]","{""EntityType"":""LocalBusiness"",""LocationUri"":""https://www.bingapis.com/api/v6/localbusinesses/YN6306x14913928431199345350?setLang=es-ES"",""DisplayName"":""Residencia Centro De Día Astarloa"",""Address"":{""Street"":""Calle Kampatorrosteta 9"",""City"":""Durango"",""State"":""Vizcaya"",""CountryOrRegion"":""ES"",""PostalCode"":""48200"",""Type"":""Unknown"",""IsInferred"":""False""},""Coordinates"":{""Latitude"":43.1682,""Longitude"":-2.62981}}","944.657.451","adintek@durango.eus","https://www.durango.eus/es/personas-mayores","Ofrecen cursos de programación cuatrimestral","[""Durango""]","[""Institución pública""]","[""Personas mayores""]","Local","Point (-2.62981 43.1682)","CESAR ENRIQUE PINARGOTE GAVILANES"
"Sexare","SERVICIOS DE INFORMACIÓN JUVENIL (SIJ)
Espacio de consulta sobre sexualidad para jóvenes y sus familiares.","[""Juventud"",""Salud sexual y reproductiva""]",,"644.898.661","sexare@gernika-lumo.eus",,,"[""Bermeo"",""Gernika""]",,,,,"CESAR ENRIQUE PINARGOTE GAVILANES"
"Ayuntamiento de Durango - Acción Social","Promover la cohesión social y bienestar del conjunto de la población de Durango, mediante el desarrollo de políticas preventivas que contribuyan a mejorar la calidad de vida de todas las personas residentes en el municipio y a evitar la aparición de situaciones de exclusión social, y mediante un conjunto de actuaciones y programas dirigidos a personas o grupos que presenten dificultades de carácter social.","[""Personas en riesgo de exclusión social"",""Personas cuidadoras"",""Personas migrantes"",""Salud comunitaria""]","{""EntityType"":""LocalBusiness"",""LocationUri"":""https://www.bingapis.com/api/v6/localbusinesses/YN6306x522163518?setLang=es-ES"",""DisplayName"":""Ayuntamiento de Durango"",""Address"":{""Street"":""Calle Barren, 17"",""City"":""Durango"",""State"":""Vizcaya"",""CountryOrRegion"":""España"",""PostalCode"":""48200"",""Type"":""Unknown"",""IsInferred"":""False""},""Coordinates"":{""Latitude"":43.1662,""Longitude"":-2.63148}}","944.657.091","gekintza@durango.eus","https://www.durango.eus/es/accion-social",,"[""Durango""]","[""Institución pública""]","[""Población general"",""Familias"",""Personas migrantes"",""Personas cuidadoras"",""Personas en riesgo de exclusión social""]","Local","Point (-2.63148 43.1662)","CESAR ENRIQUE PINARGOTE GAVILANES"
"FRAY JUAN DE ZUMARRAGA-DURANGO",,"[""Juventud""]","{""EntityType"":""LocalBusiness"",""LocationUri"":""https://www.bingapis.com/api/v6/localbusinesses/YN6306x9554202653824642935?setLang=es-ES"",""DisplayName"":""I.E.S. DURANGO"",""Address"":{""Street"":""Fray Juan de Zumárraga, 23"",""City"":""Durango"",""State"":""Vizcaya"",""CountryOrRegion"":""ES"",""PostalCode"":""48200"",""Type"":""Unknown"",""IsInferred"":""False""},""Coordinates"":{""Latitude"":43.1723,""Longitude"":-2.63651}}","946.817.325","ikasketaburuondokoa@durangobhi.net",,,"[""Durango""]","[""Centro educativo""]","[""Juventud""]","Local","Point (-2.63651 43.1723)","CESAR ENRIQUE PINARGOTE GAVILANES"
"ZABALARRA",,"[""Infancia"",""Juventud""]","{""EntityType"":""LocalBusiness"",""LocationUri"":""https://www.bingapis.com/api/v6/localbusinesses/YN6306x3359761466751351834?setLang=es-ES"",""DisplayName"":""Zabalarra ESKOLA"",""Address"":{""Street"":""C/ San Roke, 4"",""City"":""Durango"",""State"":""Vizcaya"",""CountryOrRegion"":""ES"",""PostalCode"":""48200"",""Type"":""Unknown"",""IsInferred"":""False""},""Coordinates"":{""Latitude"":43.1681,""Longitude"":-2.63793}}","946.202.143","015342aa@hezkuntza.net",,,"[""Durango""]","[""Centro educativo""]","[""Infancia"",""Juventud""]","Local","Point (-2.63793 43.1681)","CESAR ENRIQUE PINARGOTE GAVILANES"
"DURANGOKO HAURRESKOLA-JULENE AZPEITIA",,"[""Infancia""]","{""EntityType"":""LocalBusiness"",""LocationUri"":""https://www.bingapis.com/api/v6/localbusinesses/YN6306x10546776215959310351?setLang=es-ES"",""DisplayName"":""Durango Haurreskolak"",""Address"":{""Street"":""Calle San Roke Kalea, 4"",""City"":""Durango"",""State"":""Vizcaya"",""CountryOrRegion"":""ES"",""PostalCode"":""48200"",""Type"":""Unknown"",""IsInferred"":""False""},""Coordinates"":{""Latitude"":43.1681,""Longitude"":-2.63793}}","946.203.516","julene.durango@haurreskolak.eus",,,"[""Durango""]","[""Centro educativo""]","[""Infancia""]","Local","Point (-2.63793 43.1681)","CESAR ENRIQUE PINARGOTE GAVILANES"
"KIROLENE",,"[""Infancia"",""Juventud""]","{""EntityType"":""LocalBusiness"",""LocationUri"":""https://www.bingapis.com/api/v6/localbusinesses/YN6306x8832111268499412505?setLang=es-ES"",""DisplayName"":""Kirolene"",""Address"":{""Street"":""Calle San Ignazio, 5"",""City"":""Durango"",""State"":""Vizcaya"",""CountryOrRegion"":""ES"",""PostalCode"":""48200"",""Type"":""Unknown"",""IsInferred"":""False""},""Coordinates"":{""Latitude"":43.173,""Longitude"":-2.63648}}","946.550.743","015667aa@hezkuntza.net",,,"[""Durango""]","[""Centro educativo""]","[""Infancia"",""Juventud""]","Local","Point (-2.63648 43.173)","CESAR ENRIQUE PINARGOTE GAVILANES"
"MARISTAK DURANGO BATXILERGOA",,"[""Infancia"",""Juventud""]","{""EntityType"":""LocalBusiness"",""LocationUri"":""https://www.bingapis.com/api/v6/localbusinesses/YN6306x1390121556983661441?setLang=es-ES"",""DisplayName"":""Maristak Durango Ikastetxea"",""Address"":{""Street"":""Calle de Juan Antonio Abasolo 6"",""City"":""Durango"",""State"":""Vizcaya"",""CountryOrRegion"":""ES"",""PostalCode"":""48200"",""Type"":""Unknown"",""IsInferred"":""False""},""Coordinates"":{""Latitude"":43.1709,""Longitude"":-2.63428}}","946.810.058","info@maristak.com",,,"[""Durango""]","[""Centro educativo""]","[""Infancia"",""Juventud""]","Local","Point (-2.63428 43.1709)","CESAR ENRIQUE PINARGOTE GAVILANES"
"MAIZTEGI",,"[""Infancia"",""Juventud""]","{""EntityType"":""LocalBusiness"",""LocationUri"":""https://www.bingapis.com/api/v6/localbusinesses/YN6306x521285635?setLang=es-ES"",""DisplayName"":""Maiztegi Herri Eskola"",""Address"":{""Street"":""Calle Olaburu, 17"",""City"":""Iurreta"",""State"":""Vizcaya"",""CountryOrRegion"":""ES"",""PostalCode"":""48215"",""Type"":""Unknown"",""IsInferred"":""False""},""Coordinates"":{""Latitude"":43.1775,""Longitude"":-2.63542}}","946.810.937","014938aa@hezkuntza.net",,,"[""Durango""]","[""Centro educativo""]","[""Infancia"",""Juventud""]","Local","Point (-2.63542 43.1775)","CESAR ENRIQUE PINARGOTE GAVILANES"
"IURRETA",,"[""Infancia"",""Juventud""]","{""EntityType"":""LocalBusiness"",""LocationUri"":""https://www.bingapis.com/api/v6/localbusinesses/YN6306x524014957?setLang=es-ES"",""DisplayName"":""IURRETA GLHB INSTITUTUA"",""Address"":{""Street"":""CALLE OLABURU 19"",""City"":""Iurreta"",""State"":""Vizcaya"",""CountryOrRegion"":""ES"",""PostalCode"":""48215"",""Type"":""Unknown"",""IsInferred"":""False""},""Coordinates"":{""Latitude"":43.1779,""Longitude"":-2.63599}}","944.668.800","014950aa@hezkuntza.net",,,"[""Durango""]","[""Centro educativo""]","[""Infancia"",""Juventud""]","Local","Point (-2.63599 43.1779)","CESAR ENRIQUE PINARGOTE GAVILANES"
"JUAN OROBIOGOITIA",,"[""Infancia"",""Juventud""]","{""EntityType"":""LocalBusiness"",""LocationUri"":""https://www.bingapis.com/api/v6/localbusinesses/YN6306x521239268?setLang=es-ES"",""DisplayName"":""OROBIOGOITIA"",""Address"":{""Street"":""Olaburu, 3"",""City"":""Iurreta"",""State"":""Vizcaya"",""CountryOrRegion"":""ES"",""PostalCode"":""48215"",""Type"":""Unknown"",""IsInferred"":""False""},""Coordinates"":{""Latitude"":43.1768,""Longitude"":-2.6351}}","944.288.000","015090aa@hezkuntza.net",,,"[""Durango""]","[""Centro educativo""]","[""Infancia"",""Juventud""]","Local","Point (-2.6351 43.1768)","CESAR ENRIQUE PINARGOTE GAVILANES"
"IURRETAKO HAURRESKOLA-ETORKIZUNA",,"[""Infancia""]","{""EntityType"":""LocalBusiness"",""LocationUri"":""https://www.bingapis.com/api/v6/localbusinesses/YN6306x521053015?setLang=es-ES"",""DisplayName"":""Haurreskolak"",""Address"":{""Street"":""5,Calle De Olaburu"",""City"":""Iurreta"",""State"":""Vizcaya"",""CountryOrRegion"":""ES"",""PostalCode"":""48215"",""Type"":""Unknown"",""IsInferred"":""False""},""Coordinates"":{""Latitude"":43.1762,""Longitude"":-2.63556}}","946.200.937","iurreta.iurreta@haurreskolak.eus",,,"[""Durango""]","[""Centro educativo""]","[""Infancia""]","Local","Point (-2.63556 43.1762)","CESAR ENRIQUE PINARGOTE GAVILANES"
"MAÑARIAKO HAURRESKOLA",,"[""Infancia""]","{""EntityType"":""LocalBusiness"",""LocationUri"":""https://www.bingapis.com/api/v6/localbusinesses/YN6306x4371050729191921179?setLang=es-ES"",""DisplayName"":""Escuela Infantil Mañaria / Mañariko Haurreskola"",""Address"":{""Street"":""Herriko 2"",""City"":""Mañaria"",""State"":""Vizcaya"",""CountryOrRegion"":""ES"",""PostalCode"":""48212"",""Type"":""Unknown"",""IsInferred"":""False""},""Coordinates"":{""Latitude"":43.1383,""Longitude"":-2.66126}}","946.218.308","manaria.manaria@haurreskolak.eus",,,"[""Durango""]","[""Centro educativo""]","[""Infancia""]","Local","Point (-2.66126 43.1383)","CESAR ENRIQUE PINARGOTE GAVILANES"
"DURANGO",,"[""Infancia"",""Juventud""]","{""EntityType"":""PostalAddress"",""LocationUri"":""https://www.bingapis.com/api/v6/geoentities?streetaddress=Calle+de+Laubideta%2c+6&locality=Abadi%c3%b1o-Zelaieta&subregion=Vizcaya&region=Pa%c3%ads+Vasco+%2f+Euskadi&postalcode=48220&country=Espa%c3%b1a&setLang=es-ES%2ces-es&count=1"",""DisplayName"":""Calle de Laubideta, 6"",""Address"":{""Street"":""Calle de Laubideta, 6"",""City"":""Abadiño-Zelaieta"",""State"":""País Vasco / Euskadi"",""CountryOrRegion"":""España"",""PostalCode"":""48220"",""Type"":""Unknown"",""IsInferred"":""False""},""Coordinates"":{""Latitude"":null,""Longitude"":null}}","946.212.095","olhui-zuzendaritza@durango-udala.eus",,,"[""Durango""]","[""Centro educativo""]","[""Infancia"",""Juventud""]","Local",,"CESAR ENRIQUE PINARGOTE GAVILANES"
"BARTOLOME ERTZILLA",,"[""Infancia"",""Juventud""]","{""EntityType"":""LocalBusiness"",""LocationUri"":""https://www.bingapis.com/api/v6/localbusinesses/YN6692x113852728?setLang=es-ES"",""DisplayName"":""Escuela de Música y Conservatorio de Grado Medio Bartolome Ertzilla"",""Address"":{""Street"":""AVENIDA MONTEVIDEO 7"",""City"":""Durango"",""State"":""Vizcaya"",""CountryOrRegion"":""ES"",""PostalCode"":""48200"",""Type"":""Unknown"",""IsInferred"":""False""},""Coordinates"":{""Latitude"":43.1698,""Longitude"":-2.6301}}","946.030.035","bertzilla@durango.eus",,,"[""Durango""]","[""Centro educativo""]","[""Infancia"",""Juventud""]","Local","Point (-2.6301 43.1698)","CESAR ENRIQUE PINARGOTE GAVILANES"
"DURANGO",,"[""Infancia"",""Juventud""]","{""EntityType"":""PostalAddress"",""LocationUri"":""https://www.bingapis.com/api/v6/geoentities?streetaddress=Calle+de+Zubiaurrea%2c+1&locality=Durango&subregion=Vizcaya&region=Pa%c3%ads+Vasco+%2f+Euskadi&postalcode=48200&country=Espa%c3%b1a&setLang=es-ES%2ces-es&count=1"",""DisplayName"":""Calle de Zubiaurrea, 1"",""Address"":{""Street"":""Calle de Zubiaurrea, 1"",""City"":""Durango"",""State"":""País Vasco / Euskadi"",""CountryOrRegion"":""España"",""PostalCode"":""48200"",""Type"":""Unknown"",""IsInferred"":""False""},""Coordinates"":{""Latitude"":null,""Longitude"":null}}","946.203.342","015054aa@hezkuntza.net",,,"[""Durango""]","[""Centro educativo""]","[""Infancia"",""Juventud""]","Local",,"CESAR ENRIQUE PINARGOTE GAVILANES"
"IBAIZABAL KOOP. E. IKASTOLA",,"[""Infancia"",""Juventud""]","{""EntityType"":""LocalBusiness"",""LocationUri"":""https://www.bingapis.com/api/v6/localbusinesses/YN6306x10633628529713530239?setLang=es-ES"",""DisplayName"":""IBAIZABAL IKASTOLA"",""Address"":{""Street"":""Intxaurrondo, 54"",""City"":""Durango"",""State"":""Vizcaya"",""CountryOrRegion"":""ES"",""PostalCode"":""48200"",""Type"":""Unknown"",""IsInferred"":""False""},""Coordinates"":{""Latitude"":43.1612,""Longitude"":-2.63052}}","946.215.877","idazkaritza@ibaizabalikastola.eus",,,"[""Durango""]","[""Centro educativo""]","[""Infancia"",""Juventud""]","Local","Point (-2.63052 43.1612)","CESAR ENRIQUE PINARGOTE GAVILANES"
"CEPA DURANGO",,"[""Mujeres"",""Hombres""]","{""EntityType"":""LocalBusiness"",""LocationUri"":""https://www.bingapis.com/api/v6/localbusinesses/YN6306x10655712317643214476?setLang=es-ES"",""DisplayName"":""Centro de Educacion Permanente de Adultos de Durango"",""Address"":{""Street"":""Laubideta Kalea, 6"",""City"":""Durango"",""State"":""Vizcaya"",""CountryOrRegion"":""ES"",""PostalCode"":""48200"",""Type"":""Unknown"",""IsInferred"":""False""},""Coordinates"":{""Latitude"":43.1641,""Longitude"":-2.62875}}","946.814.253","014248aa@hezkuntza.net",,,"[""Durango""]","[""Centro educativo""]","[""Personas adultas""]","Local","Point (-2.62875 43.1641)","CESAR ENRIQUE PINARGOTE GAVILANES"
"KURUTZIAGA IKASTOLA",,"[""Infancia"",""Juventud""]","{""EntityType"":""LocalBusiness"",""LocationUri"":""https://www.bingapis.com/api/v6/localbusinesses/YN6306x16965294851339251777?setLang=es-ES"",""DisplayName"":""Kurutziaga Ikastola"",""Address"":{""Street"":""13,Calle De Galtzareta"",""City"":""Durango"",""State"":""Vizcaya"",""CountryOrRegion"":""ES"",""PostalCode"":""48200"",""Type"":""Unknown"",""IsInferred"":""False""},""Coordinates"":{""Latitude"":43.167,""Longitude"":-2.63604}}","946.200.822","durango@kurutziagaikastola.net",,,"[""Durango""]","[""Centro educativo""]","[""Infancia"",""Juventud""]","Local","Point (-2.63604 43.167)","CESAR ENRIQUE PINARGOTE GAVILANES"
"NEVERS IKASTETXEA",,"[""Infancia"",""Juventud""]","{""EntityType"":""LocalBusiness"",""LocationUri"":""https://www.bingapis.com/api/v6/localbusinesses/YN6306x10003687278950967883?setLang=es-ES"",""DisplayName"":""Nevers Ikastetxea"",""Address"":{""Street"":""Bruno Mauricio Zabala Kalea, 6"",""City"":""Durango"",""State"":""Vizcaya"",""CountryOrRegion"":""ES"",""PostalCode"":""48200"",""Type"":""Unknown"",""IsInferred"":""False""},""Coordinates"":{""Latitude"":43.1675,""Longitude"":-2.63568}}","946.810.946","durango@neversikastetxea.com",,,"[""Durango""]","[""Centro educativo""]","[""Infancia"",""Juventud""]","Local","Point (-2.63568 43.1675)","CESAR ENRIQUE PINARGOTE GAVILANES"
"SAN ANTONIO IKASTETXEA",,"[""Infancia"",""Juventud""]","{""EntityType"":""LocalBusiness"",""LocationUri"":""https://www.bingapis.com/api/v6/localbusinesses/YN6306x9172060117277025092?setLang=es-ES"",""DisplayName"":""San Antonio Ikastetxea"",""Address"":{""Street"":""Plaza Balbino Garitaonaindia, 3, BAJO"",""City"":""Durango"",""State"":""Vizcaya"",""CountryOrRegion"":""ES"",""PostalCode"":""48200"",""Type"":""Unknown"",""IsInferred"":""False""},""Coordinates"":{""Latitude"":43.1656,""Longitude"":-2.631}}","946.816.776","ikastetxea@sanantonio.eus",,,"[""Durango""]","[""Centro educativo""]","[""Infancia"",""Juventud""]","Local","Point (-2.631 43.1656)","CESAR ENRIQUE PINARGOTE GAVILANES"
"MARISTAK DURANGO",,"[""Infancia"",""Juventud""]","{""EntityType"":""LocalBusiness"",""LocationUri"":""https://www.bingapis.com/api/v6/localbusinesses/YN6306x1390121556983661441?setLang=es-ES"",""DisplayName"":""Maristak Durango Ikastetxea"",""Address"":{""Street"":""Calle de Juan Antonio Abasolo 6"",""City"":""Durango"",""State"":""Vizcaya"",""CountryOrRegion"":""ES"",""PostalCode"":""48200"",""Type"":""Unknown"",""IsInferred"":""False""},""Coordinates"":{""Latitude"":43.1709,""Longitude"":-2.63428}}","946.810.058","san-jose@maristak.com",,,"[""Durango""]","[""Centro educativo""]","[""Infancia"",""Juventud""]","Local","Point (-2.63428 43.1709)","CESAR ENRIQUE PINARGOTE GAVILANES"
"SAN JOSE-JESUITAK",,"[""Infancia"",""Juventud""]","{""EntityType"":""LocalBusiness"",""LocationUri"":""https://www.bingapis.com/api/v6/localbusinesses/YN6306x521457483?setLang=es-ES"",""DisplayName"":""San Jose Jesuitak Ikastetxea Durango"",""Address"":{""Street"":""C/ Kurutziaga, 1"",""City"":""Durango"",""State"":""Vizcaya"",""CountryOrRegion"":""ES"",""PostalCode"":""48200"",""Type"":""Unknown"",""IsInferred"":""False""},""Coordinates"":{""Latitude"":43.168,""Longitude"":-2.62956}}","946.810.050","sanjose@durangojesuitak.org",,,"[""Durango""]","[""Centro educativo""]","[""Infancia"",""Juventud""]","Local","Point (-2.62956 43.168)","CESAR ENRIQUE PINARGOTE GAVILANES"
"LANDAKO ESKOLA",,"[""Infancia""]","{""EntityType"":""LocalBusiness"",""LocationUri"":""https://www.bingapis.com/api/v6/localbusinesses/YN6306x4372747423493631954?setLang=es-ES"",""DisplayName"":""LANDAKO ESKOLA"",""Address"":{""Street"":""C/ Murueta Torre, 20"",""City"":""Durango"",""State"":""Vizcaya"",""CountryOrRegion"":""ES"",""PostalCode"":""48200"",""Type"":""Unknown"",""IsInferred"":""False""},""Coordinates"":{""Latitude"":43.1725,""Longitude"":-2.62877}}","944.280.174","014242aa@hezkuntza.net",,,"[""Durango""]","[""Centro educativo""]","[""Infancia""]","Local","Point (-2.62877 43.1725)","CESAR ENRIQUE PINARGOTE GAVILANES"
"Anitzak","Asesoramiento, poniendo a las personas que necesitan ayuda en contacto con otras AASS. Activismo: en manifestaciones y eventos que velan por los derechos LGBTIQ+","[""Género e identidad""]","{""EntityType"":""Unknown"",""LocationUri"":""https://www.bingapis.com/api/v6/localentities/10554991-e116-e01c-7879-692696fefa05?setLang=es-ES"",""DisplayName"":""Bilbao"",""Address"":{""City"":""Bilbao"",""State"":""País Vasco / Euskadi"",""CountryOrRegion"":""España"",""Type"":""Unknown"",""IsInferred"":""False""},""Coordinates"":{""Latitude"":43.257,""Longitude"":-2.9235}}","644.494.838","anitzakbilbao@gmail.com",,"Al no tener sede física, la comunicación tiene que ser telemática.","[""Abadiño Elorrio Berriz"",""Aiara"",""Amorebieta"",""Arratia"",""Arrigorriaga"",""Basauri Ariz"",""Basauri Kareaga"",""Bermeo"",""Durango"",""Etxebarri"",""Galdakao"",""Gernika"",""Gernikaldea"",""Lekeitio"",""Llodio"",""Markina"",""Ondarroa""]","[""Asociación""]","[""Juventud"",""Personas migrantes""]","Provincial","Point (-2.9235 43.257)","CESAR ENRIQUE PINARGOTE GAVILANES"
"Etxebarri-Bekoa",,"[""Personas Mayores""]","{""EntityType"":""Unknown"",""LocationUri"":""https://www.bingapis.com/api/v6/geoentities/5668639178141728769?setLang=es-ES"",""DisplayName"":""Erbera o San Andres"",""Address"":{""City"":""Erbera o San Andres"",""State"":""País Vasco / Euskadi"",""CountryOrRegion"":""España"",""PostalCode"":""48277"",""Type"":""Unknown"",""IsInferred"":""False""},""Coordinates"":{""Latitude"":43.2541,""Longitude"":-2.4774}}","94.494.712",,,,"[""Markina""]","[""Asociación""]","[""Personas mayores""]","Local","Point (-2.4774 43.2541)","CESAR ENRIQUE PINARGOTE GAVILANES"
"Asociación Tercera Edad - Zornotza",,"[""Personas Mayores""]","{""EntityType"":""LocalBusiness"",""LocationUri"":""https://www.bingapis.com/api/v6/localbusinesses/YN4517E3643A3091FB?setLang=es-ES"",""DisplayName"":""Centro Nafarroa Bienestar Social"",""Address"":{""Street"":""Calle de Nafarroa"",""City"":""Amorebieta-Etxano"",""State"":""País Vasco / Euskadi"",""CountryOrRegion"":""España"",""PostalCode"":""48340"",""Type"":""Unknown"",""IsInferred"":""False""},""Coordinates"":{""Latitude"":43.2187,""Longitude"":-2.73381}}",,,,,"[""Amorebieta""]","[""Asociación""]","[""Personas mayores""]","Local","Point (-2.73381 43.2187)","CESAR ENRIQUE PINARGOTE GAVILANES"
"Hirugarren Adina Kanpape - Ziortza-Bolibar",,"[""Personas Mayores""]","{""EntityType"":""LocalBusiness"",""LocationUri"":""https://www.bingapis.com/api/v6/localbusinesses/YN6A1F2FADC3CA06AB?setLang=es-ES"",""DisplayName"":""Kanpape Taberna Jatetxea"",""Address"":{""Street"":""Calle de Domingo Ugartetxea 2"",""City"":""Ziortza-Bolibar"",""State"":""País Vasco / Euskadi"",""CountryOrRegion"":""España"",""PostalCode"":""48278"",""Type"":""Unknown"",""IsInferred"":""False""},""Coordinates"":{""Latitude"":43.2495,""Longitude"":-2.54868}}",,,,,"[""Markina""]","[""Asociación""]","[""Personas mayores""]","Local","Point (-2.54868 43.2495)","CESAR ENRIQUE PINARGOTE GAVILANES"
"Nagusien Etxea - Zaldibar",,"[""Personas Mayores""]","{""EntityType"":""LocalBusiness"",""LocationUri"":""https://www.bingapis.com/api/v6/localbusinesses/YN31764CF576C7FA3D?setLang=es-ES"",""DisplayName"":""Zaldibarko Jubilatuen Etxea"",""Address"":{""Street"":""Calle de Olazar"",""City"":""Zaldibar"",""State"":""País Vasco / Euskadi"",""CountryOrRegion"":""España"",""PostalCode"":""48250"",""Type"":""Unknown"",""IsInferred"":""False""},""Coordinates"":{""Latitude"":43.1697,""Longitude"":-2.54661}}","946.225.027",,,,"[""Abadiño Elorrio Berriz""]","[""Asociación""]","[""Personas mayores""]","Local","Point (-2.54661 43.1697)","CESAR ENRIQUE PINARGOTE GAVILANES"
"Antiguako Ama - Ondarroa",,,"{""EntityType"":""LocalBusiness"",""LocationUri"":""https://www.bingapis.com/api/v6/localbusinesses/YN82637E88FB38DF16?setLang=es-ES"",""DisplayName"":""Antiguako Ama Ondarroa"",""Address"":{""Street"":""Calle de Kamiñazpi 13"",""City"":""Ondárroa"",""State"":""País Vasco / Euskadi"",""CountryOrRegion"":""España"",""PostalCode"":""48700"",""Type"":""Unknown"",""IsInferred"":""False""},""Coordinates"":{""Latitude"":43.3213,""Longitude"":-2.43219}}","946.134.297",,,,"[""Ondarroa""]",,,,"Point (-2.43219 43.3213)","CESAR ENRIQUE PINARGOTE GAVILANES"
"Nuestra Señora de Erdoiza - Izurtza",,"[""Personas Mayores""]","{""EntityType"":""Unknown"",""LocationUri"":""https://www.bingapis.com/api/v6/geoentities/5668643247489024001?setLang=es-ES"",""DisplayName"":""Izurtza"",""Address"":{""City"":""Izurtza"",""State"":""País Vasco / Euskadi"",""CountryOrRegion"":""España"",""Type"":""Unknown"",""IsInferred"":""False""},""Coordinates"":{""Latitude"":43.1514,""Longitude"":-2.6507}}",,,,,"[""Durango""]","[""Asociación""]","[""Personas mayores""]","Local","Point (-2.6507 43.1514)","CESAR ENRIQUE PINARGOTE GAVILANES"
"Hugar del Jubilado Ursula Donea - Mañaria",,"[""Personas Mayores""]","{""EntityType"":""Unknown"",""LocationUri"":""https://www.bingapis.com/api/v6/localentities/78625409-6448-0ed5-5120-551d49c35528?setLang=es-ES"",""DisplayName"":""Mañaria"",""Address"":{""City"":""Mañaria"",""State"":""País Vasco / Euskadi"",""CountryOrRegion"":""España"",""Type"":""Unknown"",""IsInferred"":""False""},""Coordinates"":{""Latitude"":43.1375,""Longitude"":-2.6611}}",,,,,"[""Durango""]","[""Asociación""]","[""Personas mayores""]","Local","Point (-2.6611 43.1375)","CESAR ENRIQUE PINARGOTE GAVILANES"
"Ayuntamiento de Elorrio - Igualdad",,"[""Mujeres"",""Hombres"",""Población general"",""Género e identidad""]","{""EntityType"":""LocalBusiness"",""LocationUri"":""https://www.bingapis.com/api/v6/localbusinesses/YN552E450126EFB247?setLang=es-ES"",""DisplayName"":""Elorrioko Udaletxea"",""Address"":{""City"":""Elorrio"",""State"":""País Vasco / Euskadi"",""CountryOrRegion"":""España"",""PostalCode"":""48230"",""Type"":""Unknown"",""IsInferred"":""False""},""Coordinates"":{""Latitude"":43.1306,""Longitude"":-2.54212}}","946.570.809","berdintasuna@elorrio.eus",,,"[""Abadiño Elorrio Berriz""]","[""Institución pública""]","[""Población general"",""Mujer""]","Local","Point (-2.54212 43.1306)","CESAR ENRIQUE PINARGOTE GAVILANES"
"Bizitu Elkartea","Asesorar, orientar, informar, formar y empoderar a mujeres inmersas en un proceso de violencia de género o malos tratos, o a ""mujeres supervivientes"" que han superado un proceso similar - Realizar actividades de empoderamiento diversas encaminadas a conseguir que estas mujeres adquieran conciencia de su valía personal, y tomen el control de sus propias vidas.
Realizar actividades de información, formación, divulgación y sensibilización hacia esta problemática, en los diversos ámbitos económicos, sociales, culturales, políticos y educativos. 
Promover actividades de coeducación para prevenir la violencia de género, actitudes machistas cambio de roles desde la más tierna infancia. 
Cualquier otra actividad o iniciativa compatible o que contribuya a realizar los objetivos de la asociación.","[""Personas Mayores""]","{""EntityType"":""Unknown"",""LocationUri"":""https://www.bingapis.com/api/v6/geoentities/5668266183216857089?setLang=es-ES"",""DisplayName"":""Bilbao"",""Address"":{""City"":""Bilbao"",""State"":""País Vasco / Euskadi"",""CountryOrRegion"":""España"",""PostalCode"":""48002"",""Type"":""Unknown"",""IsInferred"":""False""},""Coordinates"":{""Latitude"":43.2497,""Longitude"":-2.9469}}","688.627.552","info.bizitu@gmail.com",,"Se reunen periódicamentepara hacer excursiones, reuniones...
Disponen de una psicológa gracias a una ayuda, la cual participa en intervención individual (a mujeres recién llegadas) y grupal
Disponen de 1 material audiovisual, película: Volar
No disponen de material físico, tampoco de oficina","[""Durango"",""Abadiño Elorrio Berriz"",""Aiara"",""Amorebieta"",""Arratia"",""Arrigorriaga"",""Basauri Ariz"",""Basauri Kareaga"",""Bermeo"",""Etxebarri"",""Galdakao"",""Gernika"",""Gernikaldea"",""Lekeitio"",""Llodio"",""Markina"",""Ondarroa""]","[""Asociación""]","[""Personas mayores""]","Provincial","Point (-2.9469 43.2497)","CESAR ENRIQUE PINARGOTE GAVILANES"
"Hogar del Jubilado de Atxondo",,"[""Personas Mayores""]","{""EntityType"":""Unknown"",""LocationUri"":""https://www.bingapis.com/api/v6/geoentities/5668645947345731585?setLang=es-ES"",""DisplayName"":""Apatamonasterio"",""Address"":{""City"":""Apatamonasterio"",""State"":""País Vasco / Euskadi"",""CountryOrRegion"":""España"",""PostalCode"":""48291"",""Type"":""Unknown"",""IsInferred"":""False""},""Coordinates"":{""Latitude"":43.1314,""Longitude"":-2.5835}}",,,,,"[""Abadiño Elorrio Berriz""]","[""Asociación""]","[""Personas mayores""]","Local","Point (-2.5835 43.1314)","CESAR ENRIQUE PINARGOTE GAVILANES"
"Nagusien Egoitza Santrokas - Zelaieta",,"[""Personas Mayores""]","{""EntityType"":""Unknown"",""LocationUri"":""https://www.bingapis.com/api/v6/geoentities/5668644297289760769?setLang=es-ES"",""DisplayName"":""Abadiño-Zelaieta"",""Address"":{""City"":""Abadiño-Zelaieta"",""State"":""País Vasco / Euskadi"",""CountryOrRegion"":""España"",""PostalCode"":""48220"",""Type"":""Unknown"",""IsInferred"":""False""},""Coordinates"":{""Latitude"":43.1504,""Longitude"":-2.6102}}","946.202.878",,,,"[""Abadiño Elorrio Berriz""]","[""Asociación""]","[""Personas mayores""]","Local","Point (-2.6102 43.1504)","CESAR ENRIQUE PINARGOTE GAVILANES"
"San Prudencio de Traña-Matiena",,"[""Personas Mayores""]","{""EntityType"":""LocalBusiness"",""LocationUri"":""https://www.bingapis.com/api/v6/localbusinesses/YN346D26934464CA4A?setLang=es-ES"",""DisplayName"":""Errota Kultur Etxea"",""Address"":{""Street"":""Calle de Laubideta 22"",""City"":""Traña-Matiena"",""State"":""País Vasco / Euskadi"",""CountryOrRegion"":""España"",""PostalCode"":""48220"",""Type"":""Unknown"",""IsInferred"":""False""},""Coordinates"":{""Latitude"":43.1687,""Longitude"":-2.60894}}","946.816.684",,,,"[""Abadiño Elorrio Berriz""]","[""Asociación""]","[""Personas mayores""]","Local","Point (-2.60894 43.1687)","CESAR ENRIQUE PINARGOTE GAVILANES"
"Goiuriko Ama - Iurreta",,"[""Personas Mayores""]","{""EntityType"":""LocalBusiness"",""LocationUri"":""https://www.bingapis.com/api/v6/localbusinesses/YNE8967E0136728F15?setLang=es-ES"",""DisplayName"":""Iurretako Nagusien Zentroa-Centro de los mayores de Iurreta"",""Address"":{""Street"":""Calle de Bixente Kapanaga 9"",""City"":""Iurreta"",""State"":""País Vasco / Euskadi"",""CountryOrRegion"":""España"",""PostalCode"":""48215"",""Type"":""Unknown"",""IsInferred"":""False""},""Coordinates"":{""Latitude"":43.1747,""Longitude"":-2.63907}}","946.818.176",,,,"[""Durango""]","[""Asociación""]","[""Personas mayores""]","Local","Point (-2.63907 43.1747)","CESAR ENRIQUE PINARGOTE GAVILANES"
"La Esperanza - Elorio",,"[""Personas Mayores""]","{""EntityType"":""LocalBusiness"",""LocationUri"":""https://www.bingapis.com/api/v6/localbusinesses/YNFF4D9EE583944B5A?setLang=es-ES"",""DisplayName"":""Palacio Urkizu Aldatsekua"",""Address"":{""Street"":""Calle Ibaikua 5"",""City"":""Elorrio"",""State"":""País Vasco / Euskadi"",""CountryOrRegion"":""España"",""PostalCode"":""48230"",""Type"":""Unknown"",""IsInferred"":""False""},""Coordinates"":{""Latitude"":43.1282,""Longitude"":-2.53934}}","946.231.790",,,,"[""Abadiño Elorrio Berriz""]","[""Asociación""]","[""Personas mayores""]","Local","Point (-2.53934 43.1282)","CESAR ENRIQUE PINARGOTE GAVILANES"
"Berio-Otxoa - Elorrio",,"[""Personas Mayores""]","{""EntityType"":""LocalBusiness"",""LocationUri"":""https://www.bingapis.com/api/v6/localbusinesses/YNFF4D9EE583944B5A?setLang=es-ES"",""DisplayName"":""Palacio Urkizu Aldatsekua"",""Address"":{""Street"":""Calle Ibaikua 5"",""City"":""Elorrio"",""State"":""País Vasco / Euskadi"",""CountryOrRegion"":""España"",""PostalCode"":""48230"",""Type"":""Unknown"",""IsInferred"":""False""},""Coordinates"":{""Latitude"":43.1282,""Longitude"":-2.53934}}","946.820.591",,,,"[""Abadiño Elorrio Berriz""]","[""Asociación""]","[""Personas mayores""]","Local","Point (-2.53934 43.1282)","CESAR ENRIQUE PINARGOTE GAVILANES"
"Hogar del Pensionista Gure Izerdia - Berriz",,"[""Personas Mayores""]","{""EntityType"":""LocalBusiness"",""LocationUri"":""https://www.bingapis.com/api/v6/localbusinesses/YNC4EA8BAD5ACA9B0F?setLang=es-ES"",""DisplayName"":""Hogar del Jubilado"",""Address"":{""Street"":""Calle de Juan Vicente Zengotitabengoa 8"",""City"":""Berriz-Olakueta"",""State"":""País Vasco / Euskadi"",""CountryOrRegion"":""España"",""PostalCode"":""48240"",""Type"":""Unknown"",""IsInferred"":""False""},""Coordinates"":{""Latitude"":43.1688,""Longitude"":-2.57544}}","946.824.866",,,,"[""Abadiño Elorrio Berriz""]","[""Asociación""]","[""Personas mayores""]","Local","Point (-2.57544 43.1688)","CESAR ENRIQUE PINARGOTE GAVILANES"
"Asociación Biziraun","Biziraun está compuesta por un grupo de personas del País Vasco, que están viviendo esta pérdida de un ser querido por suicido y quieren compartir un espacio con personas en situación similar.","[""Otro""]","{""EntityType"":""Unknown"",""LocationUri"":""https://www.bingapis.com/api/v6/localentities/9f2eb4b0-69dc-4c4e-a6cc-b1f6d437c9f6?setLang=es-ES"",""DisplayName"":""Markina-Xemein"",""Address"":{""City"":""Markina-Xemein"",""State"":""País Vasco / Euskadi"",""CountryOrRegion"":""España"",""Type"":""Unknown"",""IsInferred"":""False""},""Coordinates"":{""Latitude"":43.2706,""Longitude"":-2.4972}}",,"info@biziraun.org","https://www.biziraun.org/es",,"[""Abadiño Elorrio Berriz"",""Aiara"",""Amorebieta"",""Arratia"",""Arrigorriaga"",""Basauri Ariz"",""Basauri Kareaga"",""Bermeo"",""Durango"",""Etxebarri"",""Galdakao"",""Gernika"",""Gernikaldea"",""Lekeitio"",""Llodio"",""Markina"",""Ondarroa""]","[""Asociación""]","[""Familias"",""Personas en riesgo de exclusión social""]","Autonómica","Point (-2.4972 43.2706)","CESAR ENRIQUE PINARGOTE GAVILANES"
"San Miguel Garaiko Nagusiak Elkartea",,"[""Personas Mayores""]","{""EntityType"":""LocalBusiness"",""LocationUri"":""https://www.bingapis.com/api/v6/localbusinesses/YNB1D27E00E474707B?setLang=es-ES"",""DisplayName"":""Fronton de Garai"",""Address"":{""State"":""País Vasco / Euskadi"",""CountryOrRegion"":""España"",""Type"":""Unknown"",""IsInferred"":""False""},""Coordinates"":{""Latitude"":43.1927,""Longitude"":-2.6087}}","946.812.580",,,,"[""Abadiño Elorrio Berriz""]","[""Asociación""]","[""Personas mayores""]","Local","Point (-2.6087 43.1927)","CESAR ENRIQUE PINARGOTE GAVILANES"
"Ayuntamiento de Garai - Cultura",,"[""Cultura, ocio y naturaleza""]","{""EntityType"":""LocalBusiness"",""LocationUri"":""https://www.bingapis.com/api/v6/localbusinesses/YNA5704D41E8744FAA?setLang=es-ES"",""DisplayName"":""Herriko Jatetxea Garai"",""Address"":{""Street"":""Barrio de San Miguel 20"",""City"":""Garai"",""State"":""País Vasco / Euskadi"",""CountryOrRegion"":""España"",""PostalCode"":""48200"",""Type"":""Unknown"",""IsInferred"":""False""},""Coordinates"":{""Latitude"":43.1938,""Longitude"":-2.61137}}","945.062.555",,,,"[""Abadiño Elorrio Berriz""]","[""Institución pública""]","[""Población general""]","Local","Point (-2.61137 43.1938)","CESAR ENRIQUE PINARGOTE GAVILANES"
"Beti Jai - Markina",,"[""Personas Mayores""]","{""EntityType"":""LocalBusiness"",""LocationUri"":""https://www.bingapis.com/api/v6/localbusinesses/YN212820EC2413CC5E?setLang=es-ES"",""DisplayName"":""Markina Xemeingo Herri liburutegia"",""Address"":{""Street"":""Calle de Abesua 12"",""City"":""Markina-Xemein"",""State"":""País Vasco / Euskadi"",""CountryOrRegion"":""España"",""PostalCode"":""48270"",""Type"":""Unknown"",""IsInferred"":""False""},""Coordinates"":{""Latitude"":43.2662,""Longitude"":-2.49757}}","946.166.571",,,,"[""Markina""]","[""Asociación""]","[""Personas mayores""]","Local","Point (-2.49757 43.2662)","CESAR ENRIQUE PINARGOTE GAVILANES"
"Izar Gaztea - Durango",,"[""Personas Mayores""]","{""EntityType"":""LocalBusiness"",""LocationUri"":""https://www.bingapis.com/api/v6/localbusinesses/YN84AE2F620F8F0CBF?setLang=es-ES"",""DisplayName"":""Residencia Centro De Día Astarloa S L"",""Address"":{""Street"":""Pablo Pedro Astarloa 1"",""City"":""Durango"",""State"":""País Vasco / Euskadi"",""CountryOrRegion"":""España"",""PostalCode"":""48200"",""Type"":""Unknown"",""IsInferred"":""False""},""Coordinates"":{""Latitude"":43.1682,""Longitude"":-2.62984}}","946.218.012",,,,"[""Durango""]","[""Asociación""]","[""Personas mayores""]","Local","Point (-2.62984 43.1682)","CESAR ENRIQUE PINARGOTE GAVILANES"
"Ayuntamiento de Elorrio - Kirolak",,"[""Actividad física""]","{""EntityType"":""LocalBusiness"",""LocationUri"":""https://www.bingapis.com/api/v6/localbusinesses/YNAAC05A3AF99F26B8?setLang=es-ES"",""DisplayName"":""Kultur Etxea"",""Address"":{""City"":""Elorrio"",""State"":""País Vasco / Euskadi"",""CountryOrRegion"":""España"",""PostalCode"":""48230"",""Type"":""Unknown"",""IsInferred"":""False""},""Coordinates"":{""Latitude"":43.1294,""Longitude"":-2.54221}}","946.821.027",,"https://www.elorrio.eus/eu-ES/Udal_arloak/Kirolak/Orriak/default.aspx",,"[""Abadiño Elorrio Berriz""]","[""Institución pública""]","[""Población general""]","Local","Point (-2.54221 43.1294)","CESAR ENRIQUE PINARGOTE GAVILANES"
"Ayuntamiento de Berriz",,"[""Otro""]","{""EntityType"":""LocalBusiness"",""LocationUri"":""https://www.bingapis.com/api/v6/localbusinesses/YN6306x7426702262592355446?setLang=es-ES"",""DisplayName"":""AYUNTAMIENTO DE BERRIZ"",""Address"":{""Street"":""CALLE ITURRITZA 51"",""City"":""Berriz-Olakueta"",""State"":""País Vasco / Euskadi"",""CountryOrRegion"":""España"",""PostalCode"":""48240"",""Type"":""Unknown"",""IsInferred"":""False""},""Coordinates"":{""Latitude"":43.1748,""Longitude"":-2.57755}}","946.824.036","berriz@berriz.eus","https://www.berriz.eus/es-ES/Paginas/default.aspx",,"[""Abadiño Elorrio Berriz""]","[""Institución pública""]","[""Población general""]","Local","Point (-2.57755 43.1748)","CESAR ENRIQUE PINARGOTE GAVILANES"
"ESNATU ","Programa de Atención Psicológica de víctimas de violencia machista contra las mujeres.

Programa de Atención Psicológica a víctimas de violencia sexual.

Programa de Atención Psicológica a personas autoras de actos de maltrato o de delitos contra la libertad sexual.

- Diagnóstico y valoración.
- Atención Psicológica Individualizada: tratamientos individuales de apoyo psicológico y de psicoterapia a las personas beneficiarias.
- Atención Psicológica Grupal como intervención complementaria a la atención psicológica individualizada.
- Seguimiento de los casos atendidos.
- Evaluación de los casos tratados.
- La asistencia psicológica prestada será urgente (en los casos de riesgo inminente), gratuita y especializada.","[""Mujeres""]","{""EntityType"":""LocalBusiness"",""LocationUri"":""https://www.bingapis.com/api/v6/localbusinesses/YNFC574BBC87D5E970?setLang=es-ES"",""DisplayName"":""Diputación Foral de Bizkaia"",""Address"":{""Street"":""Avenida Lehendakari Aguirre 9"",""City"":""Bilbao"",""State"":""País Vasco / Euskadi"",""CountryOrRegion"":""España"",""PostalCode"":""48014"",""Type"":""Unknown"",""IsInferred"":""False""},""Coordinates"":{""Latitude"":43.2621,""Longitude"":-2.93211}}","946.620.505","esnatu@bizkaia.eus","https://www.bizkaia.eus/es/tema-detalle/-/edukia/dt/1807","En Bilbao: lunes a jueves de 9:00 a 18:00h; viernes de 8:00h a 15:00h.
En Markina-Xemein: lunes, martes, miércoles y viernes de 08:00 a 15:00h.
En Zalla: martes  de  09:00 a 18:00; miercoles, jueves y viernes de 08:00 a 15:00h.
En Ugao-Miraballes: lunes y jueves de 08:00 a 15:00h.
En Durango: lunes, miércoles, jueves y viernes de 8:00h a 15:00h.
En Gernika: lunes de 9:00 a 18:00h; martes y miércoles de 08:00 a 15:00h.
En Igorre: lunes, miércoles, jueves y viernes de 08:00 a 15:00h.
En Bermeo: miércoles de 9:00 a 14:00h.
En Portugalete: lunes a jueves de 9:00 a 18:00h, viernes de 8:00 a 14:00h.
En Leioa: lunes a jueves de 9:00 a 18:00h, viernes de 8:00 a 14:00h.
En Getxo: lunes a jueves de 9:00 a 18:00h, viernes de 8:00 a 14:00h.","[""Abadiño Elorrio Berriz"",""Aiara"",""Amorebieta"",""Arratia"",""Arrigorriaga"",""Basauri Ariz"",""Basauri Kareaga"",""Bermeo"",""Etxebarri"",""Galdakao"",""Gernikaldea"",""Lekeitio"",""Llodio"",""Ondarroa""]","[""Institución pública""]","[""Mujer"",""Familias""]","Provincial","Point (-2.93211 43.2621)","CESAR ENRIQUE PINARGOTE GAVILANES"
"Urtxintxa Eskola","Asociación sin ánimo de lucro. Todos nuestros cursos y proyectos tienen como objetivo la educación en valores y convertimos el ocio en una herramienta de transformación social.","[""Infancia"",""Juventud"",""Salud comunitaria""]","{""EntityType"":""Custom"",""LocationUri"":null,""DisplayName"":""No tien f"",""Address"":null,""Coordinates"":{""Latitude"":null,""Longitude"":null}}","944.320.445","feminismoa1@urtxintxaeskola.eus","https://urtxintxaeskola.eus/",,"[""Abadiño Elorrio Berriz""]","[""Asociación""]","[""Juventud""]","Autonómica",,"CESAR ENRIQUE PINARGOTE GAVILANES"
"ATEA MOREA ","Somos un equipo de 6 profesionales de la intervención social y sociojurídica con amplia trayectoria y experiencia en materia de violencia machista, derechos humanos, género, atención en crisis y enfoque intercultural.

Nuestro modelo de atención incorpora un enfoque de derechos humanos, feminista y empoderante como horizonte y metodología, que tiene en cuenta la diversidad de las mujeres y las múltiples discriminaciones a las que pueden estar expuestas.

Ofrecemos un acompañamiento integral, individualizado y adaptado a cada situación, desde la participación y vinculación con la comunidad.


Posibilitar la detección, información, orientación y acompañamiento inicial a mujeres supervivientes de violencia machista.

Garantizar el acceso a derechos de las mujeres víctimas desde un enfoque integral.

Proteger a las víctimas y reforzar su seguridad desde la prevención, procurando evitar nuevos daños y/o la reproducción de nuevas situaciones de violencia machista, así como orientar para que puedan vivir en un entorno seguro.
Ofrecer un acompañamiento en el que la mujer es la protagonista de su proceso inicial de reparación

Facilitar un acompañamiento a las mujeres de carácter comunitario que permita su inclusión social y la generación de redes.

- Menores de edad víctimas de violencia machista desde los 14 años
- Mujeres víctimas de violencia machista
- Madres, padres y otros familiares o personas cercanas
- Agentes sociales y/o profesionales","[""Mujeres"",""Género e identidad"",""Salud sexual y reproductiva"",""Salud mental/Bienestar emocional"",""Salud comunitaria""]","{""EntityType"":""LocalBusiness"",""LocationUri"":""https://www.bingapis.com/api/v6/localbusinesses/YNDBB2BE6F4D5CDB5E?setLang=es-ES"",""DisplayName"":""FUNDACION EDE FUNDAZIOA"",""Address"":{""Street"":""Calle de Manuel Allende 10"",""City"":""Bilbao"",""State"":""País Vasco / Euskadi"",""CountryOrRegion"":""España"",""PostalCode"":""48010"",""Type"":""Unknown"",""IsInferred"":""False""},""Coordinates"":{""Latitude"":43.2603,""Longitude"":-2.94199}}","688.881.353","atemorea@bizkaia.eus","https://atemorea.org/quienes-somos/","Horario de atención:
De lunes a jueves de 9:00 a 18:00h y viernes de 8:00 a 15:00","[""Ondarroa"",""Markina"",""Llodio"",""Lekeitio"",""Gernika"",""Galdakao"",""Etxebarri"",""Basauri Kareaga"",""Bermeo"",""Basauri Ariz"",""Arrigorriaga"",""Arratia"",""Amorebieta"",""Aiara"",""Durango"",""Gernikaldea"",""Abadiño Elorrio Berriz""]","[""Institución pública""]","[""Mujer"",""Personas en riesgo de exclusión social""]","Provincial","Point (-2.94199 43.2603)","CESAR ENRIQUE PINARGOTE GAVILANES"
"Osakidetza",,"[""Salud comunitaria"",""Población general""]","{""EntityType"":""LocalBusiness"",""LocationUri"":""https://www.bingapis.com/api/v6/localbusinesses/YN6702592FA632F40F?setLang=es-ES"",""DisplayName"":""Osakidetza"",""Address"":{""Street"":""Calle de Álava 45"",""City"":""Vitoria-Gasteiz"",""State"":""País Vasco / Euskadi"",""CountryOrRegion"":""España"",""PostalCode"":""01006"",""Type"":""Unknown"",""IsInferred"":""False""},""Coordinates"":{""Latitude"":42.8372,""Longitude"":-2.67889}}",,,,,"[""Abadiño Elorrio Berriz"",""Aiara"",""Amorebieta"",""Arratia"",""Arrigorriaga"",""Basauri Ariz"",""Basauri Kareaga"",""Bermeo"",""Durango"",""Etxebarri"",""Galdakao"",""Gernika"",""Gernikaldea"",""Lekeitio"",""Llodio"",""Markina"",""Ondarroa""]","[""Institución pública""]","[""Población general""]","Autonómica","Point (-2.67889 42.8372)","CESAR ENRIQUE PINARGOTE GAVILANES"
"Servicio Público de Teleasistencia de Euskadi","servicio de atención permanente en el domicilio, las 24 horas del día y todos los días del año, atendido por personas específicamente preparadas para dar respuesta adecuada a situaciones de emergencia o necesidad social.","[""Personas cuidadoras"",""Enfermedades crónicas""]",,"900.851.600",,"https://www.euskadi.eus/web01-a1betion/es/",,"[""Abadiño Elorrio Berriz"",""Aiara"",""Amorebieta"",""Arratia"",""Arrigorriaga"",""Basauri Ariz"",""Basauri Kareaga"",""Bermeo"",""Durango"",""Etxebarri"",""Galdakao"",""Gernika"",""Gernikaldea"",""Lekeitio"",""Llodio"",""Markina"",""Ondarroa""]","[""Personas mayores""]","[""Personas mayores""]","Autonómica",,"CESAR ENRIQUE PINARGOTE GAVILANES"
"Mugikon","Servicio de SOAF en Bizkaia","[""Actividad física""]","{""EntityType"":""LocalBusiness"",""LocationUri"":""https://www.bingapis.com/api/v6/localbusinesses/YN75B2C9EE26D7579B?setLang=es-ES"",""DisplayName"":""Mugikon"",""Address"":{""Street"":""Plaza de la Cantera 4"",""City"":""Bilbao"",""State"":""País Vasco / Euskadi"",""CountryOrRegion"":""España"",""PostalCode"":""48003"",""Type"":""Unknown"",""IsInferred"":""False""},""Coordinates"":{""Latitude"":43.2547,""Longitude"":-2.92884}}","605.761.158",,"https://mugikon.com/",,"[""Abadiño Elorrio Berriz"",""Durango""]","[""Deportivo""]","[""Población general""]","Provincial","Point (-2.92884 43.2547)","CESAR ENRIQUE PINARGOTE GAVILANES"
"Bizkaisida","Prevención y Diagnóstico precoz de VIH y otras ITS Prevención de VIH y otras ITS en HSH y mujeres transgénero Acompañamiento sociosanitario y prevención de VIH y otras ITS para personas migrantes ","[""Personas en riesgo de exclusión social"",""Juventud"",""Enfermedades crónicas"",""Salud sexual y reproductiva"",""Adicciones"",""Salud comunitaria"",""Género e identidad"",""Personas migrantes""]","{""EntityType"":""LocalBusiness"",""LocationUri"":""https://www.bingapis.com/api/v6/localbusinesses/YN6306x2113923527644900217?setLang=es-ES"",""DisplayName"":""Bizkaisida"",""Address"":{""Street"":""C/Bailen 13 y C/ 2 de Mayo 6, 1°-Dcha"",""City"":""Bilbao"",""State"":""Vizcaya"",""CountryOrRegion"":""España"",""PostalCode"":""48003"",""Type"":""Unknown"",""IsInferred"":""False""},""Coordinates"":{""Latitude"":43.2582,""Longitude"":-2.92832}}","609.039.900","saludcomunitaria@bizkaisida.com","http://www.bizkaisida.com/","Acompañamiento sociosanitario y prevención de VIH y otras ITS para personas que ejercen prostitución.  EKINEZ: PIJ y Centro de Atención y Emergencia sociosanitaria para personas Drogodependientes y personas en exclusión social. Club Social Hasier Habitat","[""Abadiño Elorrio Berriz"",""Aiara"",""Amorebieta"",""Arratia"",""Arrigorriaga"",""Basauri Ariz"",""Basauri Kareaga"",""Bermeo"",""Durango"",""Etxebarri"",""Galdakao"",""Gernika"",""Gernikaldea"",""Lekeitio"",""Markina"",""Ondarroa""]","[""Asociación""]","[""Juventud"",""Personas en riesgo de exclusión social"",""Personas migrantes""]","Provincial","Point (-2.92832 43.2582)","CESAR ENRIQUE PINARGOTE GAVILANES"
"Aldarte","Trabajan en el ámbito de la diversidad sexual y de género. Asesoramiento jurídico, intervención social, apoyo psicológico y centro de documentación","[""Género e identidad"",""Personas migrantes"",""Salud sexual y reproductiva"",""Salud mental/Bienestar emocional"",""Personas en riesgo de exclusión social"",""Población general"",""Salud comunitaria""]","{""EntityType"":""LocalBusiness"",""LocationUri"":""https://www.bingapis.com/api/v6/localbusinesses/YN6306x5714338420563040324?setLang=es-ES"",""DisplayName"":""Goizane Larragan Marcos"",""Address"":{""Street"":""Berastegi 5, Bilbao"",""City"":""Bilbao"",""State"":""Vizcaya"",""CountryOrRegion"":""España"",""PostalCode"":""48001"",""Type"":""Unknown"",""IsInferred"":""False""},""Coordinates"":{""Latitude"":43.2626,""Longitude"":-2.9281}}","665.734.428","web@aldarte.org","https://www.aldarte.org/es/","Pone en marcha recursos de atención, educativos y de sensibilización que se ofrecen a la sociedad y que buscan generar soluciones positivas para resolver los conflictos que originan la intolerancia y los prejuicios sociales dirigidos al colectivo LGTBI.","[""Abadiño Elorrio Berriz"",""Aiara"",""Amorebieta"",""Arratia"",""Arrigorriaga"",""Basauri Ariz"",""Basauri Kareaga"",""Bermeo"",""Durango"",""Etxebarri"",""Galdakao"",""Gernika"",""Gernikaldea"",""Lekeitio"",""Llodio"",""Markina"",""Ondarroa""]","[""Asociación""]","[""Juventud"",""Personas en riesgo de exclusión social"",""Personas migrantes""]","Autonómica","Point (-2.9281 43.2626)","CESAR ENRIQUE PINARGOTE GAVILANES"
"Alcer Bizkaia","Mejorar la calidad de vida y autonomía personal de las personas con Enfermedad Renal, y fortalecer sus redes de apoyo. Trabajamos en coordinación con los hospitales y centros de diálisis, proporcionando apoyo psicológico, social y nutricional","[""Enfermedades crónicas"",""Salud mental/Bienestar emocional"",""Población general""]","{""EntityType"":""LocalBusiness"",""LocationUri"":""https://www.bingapis.com/api/v6/localbusinesses/YN6306x3066062841018890726?setLang=es-ES"",""DisplayName"":""Asociación Enfermos Renales Alcer Vizcaya"",""Address"":{""Street"":""Plaza Haro 1"",""City"":""Bilbao"",""State"":""País Vasco "",""CountryOrRegion"":""España"",""PostalCode"":""48006"",""Type"":""Unknown"",""IsInferred"":""False""},""Coordinates"":{""Latitude"":43.2558,""Longitude"":-2.91183}}","944.598.750","alcerbizkaia.bio@gmail.com","https://www.alcerbizkaia.org/",,"[""Abadiño Elorrio Berriz"",""Aiara"",""Amorebieta"",""Arratia"",""Arrigorriaga"",""Basauri Ariz"",""Basauri Kareaga"",""Bermeo"",""Durango"",""Etxebarri"",""Galdakao"",""Gernika"",""Gernikaldea"",""Lekeitio"",""Llodio"",""Markina"",""Ondarroa""]","[""Asociación""]","[""Familias"",""Personas adultas""]","Provincial","Point (-2.91183 43.2558)","CESAR ENRIQUE PINARGOTE GAVILANES"
"EDE Fundazioa","Organización social que busca generar impacto y cambios duraderos, inclusivos y sostenibles, a través del conocimiento, la intevención directa y el desarrollo de proyectos de economía social y empleo inclusivo.","[""Salud comunitaria"",""Población general"",""Ocupación/inserción laboral""]","{""EntityType"":""LocalBusiness"",""LocationUri"":""https://www.bingapis.com/api/v6/localbusinesses/YN6306x14519352357920784022?setLang=es-ES"",""DisplayName"":""FUNDACION EDE EDE FUNDAZIOA"",""Address"":{""Street"":""CALLE SIMON BOLIVAR, 8 - 00"",""City"":""Bilbao"",""State"":""Vizcaya"",""CountryOrRegion"":""España"",""PostalCode"":""48010"",""Type"":""Unknown"",""IsInferred"":""False""},""Coordinates"":{""Latitude"":43.2601,""Longitude"":-2.94229}}","944.009.999","ede@edefundazioa.org","https://edefundazioa.org/",,"[""Abadiño Elorrio Berriz"",""Aiara"",""Amorebieta"",""Arratia"",""Arrigorriaga"",""Basauri Ariz"",""Basauri Kareaga"",""Bermeo"",""Durango"",""Etxebarri"",""Galdakao"",""Gernika"",""Gernikaldea"",""Lekeitio"",""Llodio"",""Markina"",""Ondarroa""]","[""Institución pública""]","[""Población general""]","Autonómica","Point (-2.94229 43.2601)","CESAR ENRIQUE PINARGOTE GAVILANES"
"Contra el Cáncer en Ermua","Apoyo y acompañamiento a personas con enfermedad de Cáncer
Hay 4 sedes disponibles:
- Durango, Andragunea.
- Amorebieta, Centro Nafarroa.
- Ondarroa, Antiguako Ama.
- Ermua

Sólo hay actividad profesional en Bilbao.","[""Personas cuidadoras"",""Enfermedades crónicas"",""Salud mental/Bienestar emocional"",""Personas Mayores"",""Juventud"",""Infancia""]","{""EntityType"":""LocalBusiness"",""LocationUri"":""https://www.bingapis.com/api/v6/localbusinesses/YN6BDF2EA79A375A7?setLang=es-ES"",""DisplayName"":""Ermuko Udaletxea/Ayuntamiento de Ermua"",""Address"":{""Street"":""Calle del Marqués de Valdespina 1"",""City"":""Ermua"",""State"":""País Vasco / Euskadi"",""CountryOrRegion"":""España"",""PostalCode"":""48260"",""Type"":""Unknown"",""IsInferred"":""False""},""Coordinates"":{""Latitude"":43.186,""Longitude"":-2.50215}}","667.723.287",,"https://www.contraelcancer.es/es",,"[""Abadiño Elorrio Berriz"",""Amorebieta"",""Durango"",""Markina"",""Ondarroa""]","[""Asociación""]","[""Familias"",""Personas cuidadoras""]","Provincial","Point (-2.50215 43.186)","CESAR ENRIQUE PINARGOTE GAVILANES"
"Alcohólicos Anónimos Bizkaia",,"[""Personas en riesgo de exclusión social"",""Adicciones""]","{""EntityType"":""LocalBusiness"",""LocationUri"":""https://www.bingapis.com/api/v6/localbusinesses/YN6306x18401893489075486124?setLang=es-ES"",""DisplayName"":""Alcohólicos Anónimos De Vizcaya"",""Address"":{""Street"":""Plaza Nueva / Barria Enparantza, 5 3ºizq"",""City"":""Bilbao"",""State"":""Vizcaya"",""CountryOrRegion"":""España"",""PostalCode"":""48005"",""Type"":""Unknown"",""IsInferred"":""False""},""Coordinates"":{""Latitude"":43.2588,""Longitude"":-2.92291}}","944.150.701",,"https://www.alcoholicos-anonimos.org/v_portal/apartados/apartado.asp?te=226","Tiene buscador para ver donde hay reuniones","[""Abadiño Elorrio Berriz"",""Aiara"",""Amorebieta"",""Arratia"",""Arrigorriaga"",""Basauri Ariz"",""Basauri Kareaga"",""Bermeo"",""Durango"",""Etxebarri"",""Galdakao"",""Gernika"",""Gernikaldea"",""Lekeitio"",""Llodio"",""Markina"",""Ondarroa""]","[""Asociación""]","[""Personas en riesgo de exclusión social""]","Provincial","Point (-2.92291 43.2588)","CESAR ENRIQUE PINARGOTE GAVILANES"
"Kainabera ONG","Cooperación Internacional","[""Personas migrantes"",""Personas en riesgo de exclusión social""]","{""EntityType"":""LocalBusiness"",""LocationUri"":""https://www.bingapis.com/api/v6/localbusinesses/YN6306x3085480558318537630?setLang=es-ES"",""DisplayName"":""Kultur Etxea"",""Address"":{""Street"":""18,Calle De Elizburu"",""City"":""Elorrio"",""State"":""Vizcaya"",""CountryOrRegion"":""ES"",""PostalCode"":""48230"",""Type"":""Unknown"",""IsInferred"":""False""},""Coordinates"":{""Latitude"":43.1294,""Longitude"":-2.54221}}",,,,"Colaboran y apoyan en programa: No hay vida sin cuidados","[""Abadiño Elorrio Berriz""]","[""Asociación""]","[""Personas en riesgo de exclusión social"",""Personas migrantes""]","Local","Point (-2.54221 43.1294)","CESAR ENRIQUE PINARGOTE GAVILANES"
"Ayuntamiento de Abadiño - Cultura y Deportes","Infoabadiño: Canal de actualización de agenda municipal a través de Whatsapp Dirige Errota Kultur Etxea Mesas de Ocio Gestiona instalaciones deportivas Grupos y actividades deportivas Servicio Mobi","[""Cultura, ocio y naturaleza"",""Actividad física""]","{""EntityType"":""LocalBusiness"",""LocationUri"":""https://www.bingapis.com/api/v6/localbusinesses/YN247591999075650?setLang=es-ES"",""DisplayName"":""Txanporta Kultur Etxea"",""Address"":{""Street"":""Plaza de Txanporta 4"",""City"":""Abadiño-Zelaieta"",""State"":""País Vasco / Euskadi"",""CountryOrRegion"":""España"",""PostalCode"":""48220"",""Type"":""Unknown"",""IsInferred"":""False""},""Coordinates"":{""Latitude"":43.1515,""Longitude"":-2.61019}}","944.669.416","kultura@abadiano.eus","https://www.xn--abadio-0wa.org/es-ES/Servicios/Cultura/Paginas/ErrotaKulturEtxea.aspx",,"[""Abadiño Elorrio Berriz""]","[""Institución pública""]","[""Población general""]","Local","Point (-2.61019 43.1515)","CESAR ENRIQUE PINARGOTE GAVILANES"
"Ayuntamiento de Abadiño - Igualdad","Escuelas de empoderamiento: Programa anual enfocado a inmigración y empoderamiento de mujeres Abadiño Sex:  Mesas: 1 a nivel local y la otra a nivel de mancomunidad con Consejo de VG","[""Mujeres"",""Género e identidad""]","{""EntityType"":""LocalBusiness"",""LocationUri"":""https://www.bingapis.com/api/v6/localbusinesses/YNA80B9AE14A22BDDA?setLang=es-ES"",""DisplayName"":""Abadiñoko Udaletxea"",""Address"":{""Street"":""Plaza de San Trokaz 1"",""City"":""Abadiño-Zelaieta"",""State"":""País Vasco / Euskadi"",""CountryOrRegion"":""España"",""PostalCode"":""48220"",""Type"":""Unknown"",""IsInferred"":""False""},""Coordinates"":{""Latitude"":43.1525,""Longitude"":-2.6081}}",,"berdintasuna@abadiano.eus","https://www.xn--abadio-0wa.org/es-ES/Servicios/Igualdadydiversidad/Paginas/default.aspx",,"[""Abadiño Elorrio Berriz""]","[""Institución pública""]","[""Población general"",""Mujer"",""Personas migrantes""]","Local","Point (-2.6081 43.1525)","CESAR ENRIQUE PINARGOTE GAVILANES"
"Zehar Errefuxiatuekin","Protección de personas refugiadas, apátridas, solicitantes de asilo y migradas en situación de vulnerabilidad. Nuestro trabajo es brindar apoyo integral, promoviendo la inclusión y defensa de sus derechos.","[""Personas en riesgo de exclusión social"",""Personas migrantes""]","{""EntityType"":""LocalBusiness"",""LocationUri"":""https://www.bingapis.com/api/v6/localbusinesses/YN6306x8412670133717526369?setLang=es-ES"",""DisplayName"":""Zehar-Errefuxiatuekin"",""Address"":{""Street"":""C/baiona 1 3"",""City"":""Bilbao"",""State"":""Vizcaya"",""CountryOrRegion"":""España"",""PostalCode"":""48012"",""Type"":""Unknown"",""IsInferred"":""False""},""Coordinates"":{""Latitude"":43.2536,""Longitude"":-2.9352}}","944.059.566",,"https://zehar.eus/","Tiene más oficinas en Gipuzkoa y Álava","[""Abadiño Elorrio Berriz"",""Aiara"",""Amorebieta"",""Arratia"",""Arrigorriaga"",""Basauri Ariz"",""Basauri Kareaga"",""Bermeo"",""Durango"",""Etxebarri"",""Galdakao"",""Gernika"",""Gernikaldea"",""Lekeitio"",""Llodio"",""Markina"",""Ondarroa""]","[""Asociación""]","[""Personas en riesgo de exclusión social"",""Personas migrantes""]","Autonómica","Point (-2.9352 43.2536)","CESAR ENRIQUE PINARGOTE GAVILANES"
"Mancomunidad de Durango - Prevención de Adicciones","Prevenir adicciones y promover conductas saludables. Ámbito escolar, familiar, comunitario y atención ciudadana","[""Tabaco"",""Adicciones""]","{""EntityType"":""LocalBusiness"",""LocationUri"":""https://www.bingapis.com/api/v6/localbusinesses/YN6306x18344142371664947993?setLang=es-ES"",""DisplayName"":""Landako Gunea"",""Address"":{""Street"":""6,Avenida De Landako"",""City"":""Durango"",""State"":""Vizcaya"",""CountryOrRegion"":""España"",""PostalCode"":""48200"",""Type"":""Unknown"",""IsInferred"":""False""},""Coordinates"":{""Latitude"":43.1711,""Longitude"":-2.63066}}","946.200.520","adikzioak@dma.eus","https://www.dma.eus/es-ES/Servicios/Prevencion-Adicciones/Paginas/default.aspx",,"[""Abadiño Elorrio Berriz"",""Durango""]","[""Institución pública""]","[""Población general"",""Infancia"",""Juventud"",""Personas en riesgo de exclusión social""]","Local","Point (-2.63066 43.1711)","CESAR ENRIQUE PINARGOTE GAVILANES"
"Gorabide","Asociación de familias de personas con discapacidad intelectual, pionera en Bizkaia, que trabaja desde 1962 por mejorar la calidad de vida de ese colectivo, y por promover una sociedad justa y solidaria dónde sea posible su plena inclusión.","[""Personas en riesgo de exclusión social"",""Personas cuidadoras"",""Ocupación/inserción laboral""]","{""EntityType"":""LocalBusiness"",""LocationUri"":""https://www.bingapis.com/api/v6/localbusinesses/YN6306x5016324029890746601?setLang=es-ES"",""DisplayName"":""Gorabide - Asociacion Vizcaina En Favor De Las Personas Con Deficiencia"",""Address"":{""Street"":""Calle Licenciado Poza 14"",""City"":""Bilbao"",""State"":""Vizcaya"",""CountryOrRegion"":""España"",""PostalCode"":""48011"",""Type"":""Unknown"",""IsInferred"":""False""},""Coordinates"":{""Latitude"":43.2611,""Longitude"":-2.93668}}","944.431.210","gorabide@gorabide.com","https://gorabide.com/",,"[""Markina"",""Ondarroa"",""Abadiño Elorrio Berriz"",""Durango"",""Galdakao"",""Gernika"",""Gernikaldea"",""Lekeitio""]","[""Asociación""]","[""Familias"",""Personas en riesgo de exclusión social""]","Provincial","Point (-2.93668 43.2611)","CESAR ENRIQUE PINARGOTE GAVILANES"
"Mancomunidad de Durango - Servicios Sociales de Base","Atención y detección de personas en situación de riesgo de exclusión, dependencia y/o desprotección, con el objetivo final de mejorar la calidad de vida de las mismas, prevenir y paliar las dificultades que surjan","[""Personas en riesgo de exclusión social"",""Ocupación/inserción laboral"",""Personas migrantes"",""Personas Mayores""]","{""EntityType"":""LocalBusiness"",""LocationUri"":""https://www.bingapis.com/api/v6/localbusinesses/YNBE20C26758B22CD?setLang=es-ES"",""DisplayName"":""Durangoko Merinaldearen Amankomunazgoa - Administrazioa"",""Address"":{""Street"":""Avenida de Landako 4"",""City"":""Durango"",""State"":""País Vasco / Euskadi"",""CountryOrRegion"":""España"",""PostalCode"":""48200"",""Type"":""Unknown"",""IsInferred"":""False""},""Coordinates"":{""Latitude"":43.1715,""Longitude"":-2.63131}}","946.200.492","ongizate.mdurango@bizkaia.org","https://www.dma.eus/es-ES/Servicios/Servicios-Sociales/Paginas/default.aspx","lunes a viernes de 9 a 13:30.​​​​","[""Durango"",""Abadiño Elorrio Berriz""]","[""Institución pública""]","[""Población general"",""Familias"",""Personas cuidadoras"",""Personas mayores"",""Personas migrantes"",""Personas en riesgo de exclusión social"",""Diversidad funcional""]","Local","Point (-2.63131 43.1715)","CESAR ENRIQUE PINARGOTE GAVILANES"
"Andragunea","Espacio destinado para el desarrollo de actividades para mujeres
- Escuela de empoderamiento
- Espacio de encuentro
- Violencia machista
- Programas y campañas","[""Mujeres"",""Salud mental/Bienestar emocional"",""Personas en riesgo de exclusión social""]","{""EntityType"":""LocalBusiness"",""LocationUri"":""https://www.bingapis.com/api/v6/localbusinesses/YN6306x7928192184348198674?setLang=es-ES"",""DisplayName"":""Andragunea"",""Address"":{""Street"":""Lariztorre Kalea, 2"",""City"":""Durango"",""State"":""Vizcaya"",""CountryOrRegion"":""ES"",""PostalCode"":""48200"",""Type"":""Unknown"",""IsInferred"":""False""},""Coordinates"":{""Latitude"":43.1661,""Longitude"":-2.63249}}","944.657.092","andragunea@durango.eus","https://www.durango.eus/es/andragunea",,"[""Durango"",""Abadiño Elorrio Berriz""]","[""Institución pública""]","[""Mujer""]","Local","Point (-2.63249 43.1661)","CESAR ENRIQUE PINARGOTE GAVILANES"
"KZ Gunea - Abadiño","Formación en Nuevas Tecnologías","[""Formación""]","{""EntityType"":""LocalBusiness"",""LocationUri"":""https://www.bingapis.com/api/v6/localbusinesses/YN346D26934464CA4A?setLang=es-ES"",""DisplayName"":""Errota Kultur Etxea"",""Address"":{""Street"":""Calle de Laubideta 22"",""City"":""Traña-Matiena"",""State"":""País Vasco / Euskadi"",""CountryOrRegion"":""España"",""PostalCode"":""48220"",""Type"":""Unknown"",""IsInferred"":""False""},""Coordinates"":{""Latitude"":43.1687,""Longitude"":-2.60894}}","944.033.300","tutor.abadiano@kzgunea.net","https://www.kzgunea.eus/es/centros?p_p_id=kzguneacentros_WAR_z01pportlet&p_p_lifecycle=0&p_p_col_id=column-1&p_p_col_count=1&_kzguneacentros_WAR_z01pportlet_view=viewCentroListado",,"[""Abadiño Elorrio Berriz""]","[""Institución pública""]","[""Población general""]","Local","Point (-2.60894 43.1687)","CESAR ENRIQUE PINARGOTE GAVILANES"
"JAED","Atención a las personas en riesgo de exclusión social. Coordinación con agentes públicos y privados de Durango e Iurreta.
Ayuda económica puntual y entrega de alimentos en colaboración con el Banco de Alimentos de Bizkaia","[""Personas en riesgo de exclusión social""]","{""EntityType"":""LocalBusiness"",""LocationUri"":""https://www.bingapis.com/api/v6/localbusinesses/YN36B346A6BB8CE873?setLang=es-ES"",""DisplayName"":""Junta Asistencia Enfermos Durango"",""Address"":{""Street"":""Calle de Laubideta 6A"",""City"":""Durango"",""State"":""País Vasco / Euskadi"",""CountryOrRegion"":""España"",""PostalCode"":""48200"",""Type"":""Unknown"",""IsInferred"":""False""},""Coordinates"":{""Latitude"":43.164,""Longitude"":-2.6289}}","946.201.468","jaed.durango@gmail.com","http://www.jaed.es/index_eu.html",,"[""Abadiño Elorrio Berriz"",""Durango""]","[""Recursos sociales y comunitarios""]","[""Familias"",""Personas migrantes""]","Local","Point (-2.6289 43.164)","CESAR ENRIQUE PINARGOTE GAVILANES"
"Etxepel","Acompañamiento personalizado para que la persona que sufre esta situación de exclusión pueda desarrollar su proceso de incorporación social. Incluye un servicio de atención diurna para personas en situación de exclusión de la Diputación Foral de Bizkaia.","[""Personas en riesgo de exclusión social""]","{""EntityType"":""LocalBusiness"",""LocationUri"":""https://www.bingapis.com/api/v6/localbusinesses/YN6306x11597286788009729153?setLang=es-ES"",""DisplayName"":""CARITAS TABIRA"",""Address"":{""Street"":""C/ Kanpatorrosteta, 9"",""City"":""Durango"",""State"":""Vizcaya"",""CountryOrRegion"":""ES"",""PostalCode"":""48200"",""Type"":""Unknown"",""IsInferred"":""False""},""Coordinates"":{""Latitude"":43.168,""Longitude"":-2.63019}}","946.810.019",,"https://www.caritasbi.org/accion_social/etxepel/","El número de plazas con el que cuenta es catorce y el centro prestará servicio de lunes a domingo, con horario de 9:00 a 17:00 h los días laborales y de 9:00 a 15:00 horas los sábados, domingos y festivos.","[""Abadiño Elorrio Berriz"",""Durango""]","[""Fundación y ONG""]","[""Personas en riesgo de exclusión social"",""Personas migrantes""]","Local","Point (-2.63019 43.168)","CESAR ENRIQUE PINARGOTE GAVILANES"
"Caritas","Promoción Social y Personal
Relaciones Familiares, Mayores y Envejecimiento
Acogida Integral y Promoción Social y Personal
","[""Personas en riesgo de exclusión social""]","{""EntityType"":""LocalBusiness"",""LocationUri"":""https://www.bingapis.com/api/v6/localbusinesses/YN6306x11597286788009729153?setLang=es-ES"",""DisplayName"":""CARITAS TABIRA"",""Address"":{""Street"":""C/ Kanpatorrosteta, 9"",""City"":""Durango"",""State"":""Vizcaya"",""CountryOrRegion"":""ES"",""PostalCode"":""48200"",""Type"":""Unknown"",""IsInferred"":""False""},""Coordinates"":{""Latitude"":43.168,""Longitude"":-2.63019}}",,,"https://www.caritasbi.org/","Localizador de recursos: https://caritasespanola.org/localizadorapp/?id=146","[""Abadiño Elorrio Berriz"",""Amorebieta"",""Arratia"",""Arrigorriaga"",""Basauri Ariz"",""Basauri Kareaga"",""Bermeo"",""Durango"",""Galdakao"",""Gernika"",""Gernikaldea"",""Lekeitio"",""Etxebarri"",""Markina"",""Ondarroa""]","[""Fundación y ONG""]","[""Personas en riesgo de exclusión social"",""Personas migrantes""]","Local","Point (-2.63019 43.168)","CESAR ENRIQUE PINARGOTE GAVILANES"
"Zabaltzen-Sartu","Desarrollo de actividades y servicios encaminados a 
conseguir la plena inclusión social de personas y/o grupos en situación de exclusión 
o desventaja social y la promoción de comunidades integradoras. Todo ello en 
colaboración con la red de servicios sociales, de empleo y comunitario","[""Personas en riesgo de exclusión social""]","{""EntityType"":""LocalBusiness"",""LocationUri"":""https://www.bingapis.com/api/v6/localbusinesses/YN6306x5593541324785455659?setLang=es-ES"",""DisplayName"":""Zabaltzen-SARTU Koop. Elk. (sede social)"",""Address"":{""Street"":""GRUPO MURUETATORRE, 8 - BJ F-G"",""City"":""Durango"",""State"":""Vizcaya"",""CountryOrRegion"":""ES"",""PostalCode"":""48200"",""Type"":""Unknown"",""IsInferred"":""False""},""Coordinates"":{""Latitude"":43.1724,""Longitude"":-2.62892}}","946.200.449","zabaltzen@zabaltzen.sartu.org","https://zabaltzensartu.org/es/","Tiene oficinas en Durango, Berriz, Elgoibar y Amorebieta","[""Abadiño Elorrio Berriz"",""Durango"",""Bermeo"",""Lekeitio""]","[""Recursos sociales y comunitarios""]","[""Personas en riesgo de exclusión social"",""Personas migrantes""]","Local","Point (-2.62892 43.1724)","CESAR ENRIQUE PINARGOTE GAVILANES"
"Mancomunidad de Durango - Servicio de Personas Mayores","Servicio dirigido a promover la autonomía personal, prevenir la dependencia e impulsar el envejecimiento activo. >60 años

- Información y orientación a personas y asociaciones de mayores
- Cursos, talleres y servicios dirigidos a promover la autonommía p","[""Personas Mayores"",""Personas en riesgo de exclusión social"",""Salud mental/Bienestar emocional"",""Personas cuidadoras""]","{""EntityType"":""LocalBusiness"",""LocationUri"":""https://www.bingapis.com/api/v6/localbusinesses/YNBE20C26758B22CD?setLang=es-ES"",""DisplayName"":""Durangoko Merinaldearen Amankomunazgoa - Administrazioa"",""Address"":{""Street"":""Avenida de Landako 4"",""City"":""Durango"",""State"":""País Vasco / Euskadi"",""CountryOrRegion"":""España"",""PostalCode"":""48200"",""Type"":""Unknown"",""IsInferred"":""False""},""Coordinates"":{""Latitude"":43.1715,""Longitude"":-2.63131}}","946.200.546","nagusiak@dma.eus","https://www.dma.eus/es-ES/Servicios/Dinamizacion-Personas-Mayores/Paginas/default.aspx",,"[""Abadiño Elorrio Berriz"",""Durango""]","[""Institución pública""]","[""Personas cuidadoras"",""Familias"",""Personas mayores""]","Local","Point (-2.63131 43.1715)","CESAR ENRIQUE PINARGOTE GAVILANES"
"TRAÑA MATIENA",,"[""Infancia"",""Juventud""]","{""EntityType"":""LocalBusiness"",""LocationUri"":""https://www.bingapis.com/api/v6/localbusinesses/YN6306x9915968485254392454?setLang=es-ES"",""DisplayName"":""E.P.TRAÑA-MATIENA"",""Address"":{""Street"":""C/ Trañaetxoste, 10"",""City"":""Abadiño"",""State"":""Vizcaya"",""CountryOrRegion"":""ES"",""PostalCode"":""48220"",""Type"":""Unknown"",""IsInferred"":""False""},""Coordinates"":{""Latitude"":43.1667,""Longitude"":-2.6123}}","944.288.074","014002aa@hezkuntza.net",,,"[""Abadiño Elorrio Berriz""]","[""Centro educativo""]","[""Infancia"",""Juventud""]","Local","Point (-2.6123 43.1667)","CESAR ENRIQUE PINARGOTE GAVILANES"
"ZELAIETA",,"[""Infancia"",""Juventud""]","{""EntityType"":""LocalBusiness"",""LocationUri"":""https://www.bingapis.com/api/v6/localbusinesses/YN6306x9657193686368279159?setLang=es-ES"",""DisplayName"":""Colegio Público Zelaietako Herri Eskola"",""Address"":{""Street"":""San Trokaz Plaza, 0"",""City"":""Abadiño"",""State"":""Vizcaya"",""CountryOrRegion"":""ES"",""PostalCode"":""48220"",""Type"":""Unknown"",""IsInferred"":""False""},""Coordinates"":{""Latitude"":43.1533,""Longitude"":-2.60694}}","944.280.101","014003aa@hezkuntza.net","https://www.aldapeta.eus/",,"[""Abadiño Elorrio Berriz""]","[""Centro educativo""]","[""Infancia"",""Juventud""]","Local","Point (-2.60694 43.1533)","CESAR ENRIQUE PINARGOTE GAVILANES"
"ABADIÑO",,"[""Infancia"",""Juventud""]","{""EntityType"":""LocalBusiness"",""LocationUri"":""https://www.bingapis.com/api/v6/localbusinesses/YN6306x17086023048783441461?setLang=es-ES"",""DisplayName"":""I.E.S. ABADIÑO"",""Address"":{""Street"":""C/ Trañaetxoste, 10"",""City"":""Abadiño"",""State"":""Vizcaya"",""CountryOrRegion"":""ES"",""PostalCode"":""48220"",""Type"":""Unknown"",""IsInferred"":""False""},""Coordinates"":{""Latitude"":43.1668,""Longitude"":-2.61212}}","944.287.969","015071aa@hezkuntza.net",,,"[""Abadiño Elorrio Berriz""]","[""Centro educativo""]","[""Infancia"",""Juventud""]","Local","Point (-2.61212 43.1668)","CESAR ENRIQUE PINARGOTE GAVILANES"
"ABADIÑOKO HAURRESKOLA-TRAÑA MATIENA",,"[""Infancia""]","{""EntityType"":""LocalBusiness"",""LocationUri"":""https://www.bingapis.com/api/v6/localbusinesses/YN6306x9915968485254392454?setLang=es-ES"",""DisplayName"":""E.P.TRAÑA-MATIENA"",""Address"":{""Street"":""C/ Trañaetxoste, 10"",""City"":""Abadiño"",""State"":""Vizcaya"",""CountryOrRegion"":""ES"",""PostalCode"":""48220"",""Type"":""Unknown"",""IsInferred"":""False""},""Coordinates"":{""Latitude"":43.1667,""Longitude"":-2.6123}}","946.202.166","tranamatiena.abadino@haurreskolak.eus",,"zelaieta.abadino@haurreskolak.eus","[""Abadiño Elorrio Berriz""]","[""Centro educativo""]","[""Infancia""]","Local","Point (-2.6123 43.1667)","CESAR ENRIQUE PINARGOTE GAVILANES"
"ZALDIBAR",,"[""Infancia"",""Juventud""]","{""EntityType"":""LocalBusiness"",""LocationUri"":""https://www.bingapis.com/api/v6/localbusinesses/YN6306x3940623007999999668?setLang=es-ES"",""DisplayName"":""CEIP Zaldibar"",""Address"":{""Street"":""ELIZONDO,8."",""City"":""Zaldibar"",""State"":""Vizcaya"",""CountryOrRegion"":""ES"",""PostalCode"":""48250"",""Type"":""Unknown"",""IsInferred"":""False""},""Coordinates"":{""Latitude"":43.1713,""Longitude"":-2.54642}}","944.287.910","014457aa@hezkuntza.net",,,"[""Abadiño Elorrio Berriz""]","[""Centro educativo""]","[""Infancia"",""Juventud""]","Local","Point (-2.54642 43.1713)","CESAR ENRIQUE PINARGOTE GAVILANES"
"ZALDIBARKO HAURRESKOLA-ZALDUZUBIETA",,"[""Infancia""]","{""EntityType"":""LocalBusiness"",""LocationUri"":""https://www.bingapis.com/api/v6/localbusinesses/YN6306x13592522297195006265?setLang=es-ES"",""DisplayName"":""Partzuergoko Haur Eskola Zaldibarko Haurreskola Zalduzubieta"",""Address"":{""Street"":""Calle Elizondo, 8"",""City"":""Zaldibar"",""State"":""Vizcaya"",""CountryOrRegion"":""ES"",""PostalCode"":""48250"",""Type"":""Unknown"",""IsInferred"":""False""},""Coordinates"":{""Latitude"":43.1719,""Longitude"":-2.5455}}","946.824.497","zalduzubieta.zaldibar@haurreskolak.eus",,,"[""Abadiño Elorrio Berriz""]","[""Centro educativo""]","[""Infancia""]","Local","Point (-2.5455 43.1719)","CESAR ENRIQUE PINARGOTE GAVILANES"
"ATXONDO",,"[""Infancia"",""Juventud""]","{""EntityType"":""LocalBusiness"",""LocationUri"":""https://www.bingapis.com/api/v6/localbusinesses/YN6306x829615815833194752?setLang=es-ES"",""DisplayName"":""Atxondo Eskola Hlhi"",""Address"":{""Street"":""Los Fueros Plaza, 7"",""City"":""Apatamonasterio"",""State"":""Vizcaya"",""CountryOrRegion"":""ES"",""PostalCode"":""48291"",""Type"":""Unknown"",""IsInferred"":""False""},""Coordinates"":{""Latitude"":43.1291,""Longitude"":-2.58608}}","944.280.196","014452aa@hezkuntza.net",,,"[""Abadiño Elorrio Berriz""]","[""Centro educativo""]","[""Infancia"",""Juventud""]","Local","Point (-2.58608 43.1291)","CESAR ENRIQUE PINARGOTE GAVILANES"
"ATXONDOKO HAURRESKOLA",,"[""Infancia""]","{""EntityType"":""LocalBusiness"",""LocationUri"":""https://www.bingapis.com/api/v6/localbusinesses/YN6306x5348897427699412796?setLang=es-ES"",""DisplayName"":""Atxondoko Haurreskola"",""Address"":{""Street"":""Los Fueros Plaza, 7, 48291 Atxondo, Bizkaia, Spain"",""City"":""Atxondo"",""State"":""Vasconia"",""CountryOrRegion"":""ES"",""PostalCode"":""48291"",""Type"":""Unknown"",""IsInferred"":""False""},""Coordinates"":{""Latitude"":43.1291,""Longitude"":-2.58608}}","946.859.002","atxondo.atxondo@haurreskolak.eus",,,"[""Abadiño Elorrio Berriz""]","[""Centro educativo""]","[""Infancia""]","Local","Point (-2.58608 43.1291)","CESAR ENRIQUE PINARGOTE GAVILANES"
"UMERRI ESKOLA AKTIBOA",,"[""Infancia"",""Juventud""]","{""EntityType"":""LocalBusiness"",""LocationUri"":""https://www.bingapis.com/api/v6/localbusinesses/YN6306x18044344646391555390?setLang=es-ES"",""DisplayName"":""Umerri Eskola Aktiboa"",""Address"":{""Street"":""Elizondo Plaza 2"",""City"":""Bérriz, Spain"",""State"":""País Vasco"",""CountryOrRegion"":""ES"",""PostalCode"":""48240"",""Type"":""Unknown"",""IsInferred"":""False""},""Coordinates"":{""Latitude"":43.1748,""Longitude"":-2.57694}}","651.903.082","umerrigarai@gmail.com",,,"[""Abadiño Elorrio Berriz""]","[""Centro educativo""]","[""Infancia"",""Juventud""]","Local","Point (-2.57694 43.1748)","CESAR ENRIQUE PINARGOTE GAVILANES"
"ELORRIOKO HAURRESKOLA",,"[""Infancia""]","{""EntityType"":""Custom"",""LocationUri"":null,""DisplayName"":""haurreskola elorrio"",""Address"":null,""Coordinates"":{""Latitude"":null,""Longitude"":null}}","946.584.907","elorrio.elorrio@haurreskolak.eus",,,"[""Abadiño Elorrio Berriz""]","[""Centro educativo""]","[""Infancia""]","Local",,"CESAR ENRIQUE PINARGOTE GAVILANES"
"LEARRETA-MARKINA",,"[""Infancia"",""Juventud""]","{""EntityType"":""LocalBusiness"",""LocationUri"":""https://www.bingapis.com/api/v6/localbusinesses/YN6306x2633863178287931217?setLang=es-ES"",""DisplayName"":""Learreta Markina HLHI"",""Address"":{""Street"":""Calle Learreta-Marquina, 1"",""City"":""Berriz"",""State"":""Vizcaya"",""CountryOrRegion"":""ES"",""PostalCode"":""48240"",""Type"":""Unknown"",""IsInferred"":""False""},""Coordinates"":{""Latitude"":43.1755,""Longitude"":-2.57868}}","946.824.344","014097aa@hezkuntza.net",,,"[""Abadiño Elorrio Berriz""]","[""Centro educativo""]","[""Infancia"",""Juventud""]","Local","Point (-2.57868 43.1755)","CESAR ENRIQUE PINARGOTE GAVILANES"
"BERRIZ",,"[""Infancia"",""Juventud""]","{""EntityType"":""LocalBusiness"",""LocationUri"":""https://www.bingapis.com/api/v6/localbusinesses/YN6306x1476857362884832426?setLang=es-ES"",""DisplayName"":""IES Berriz BHI BIGARREN HEZKUNTZA INSTITUTUA"",""Address"":{""Street"":""7,Calle De Elizondo"",""City"":""Berriz"",""State"":""País Vasco"",""CountryOrRegion"":""Spain"",""PostalCode"":""48240"",""Type"":""Unknown"",""IsInferred"":""False""},""Coordinates"":{""Latitude"":43.1749,""Longitude"":-2.57657}}","944.287.976","015073aa@hezkuntza.net",,,"[""Abadiño Elorrio Berriz""]","[""Centro educativo""]","[""Infancia"",""Juventud""]","Local","Point (-2.57657 43.1749)","CESAR ENRIQUE PINARGOTE GAVILANES"
"BERRIZKO HAURRESKOLA-EGUZKILORE",,"[""Infancia""]","{""EntityType"":""LocalBusiness"",""LocationUri"":""https://www.bingapis.com/api/v6/localbusinesses/YN6306x15810929720790846158?setLang=es-ES"",""DisplayName"":""Partzuergoko Haur Eskola Berrizko Haurreskola Eguzkilore"",""Address"":{""Street"":""Avenida Madre Margarita Maturana"",""City"":""Berriz"",""State"":""Vizcaya"",""CountryOrRegion"":""ES"",""PostalCode"":""48240"",""Type"":""Unknown"",""IsInferred"":""False""},""Coordinates"":{""Latitude"":43.1761,""Longitude"":-2.5763}}","946.826.339","eguzkilore.berriz@haurreskolak.eus",,,"[""Abadiño Elorrio Berriz""]","[""Centro educativo""]","[""Infancia""]","Local","Point (-2.5763 43.1761)","CESAR ENRIQUE PINARGOTE GAVILANES"
"LOURDESKO AMA",,"[""Infancia"",""Juventud""]","{""EntityType"":""LocalBusiness"",""LocationUri"":""https://www.bingapis.com/api/v6/localbusinesses/YN6306x523038902?setLang=es-ES"",""DisplayName"":""LOURDESKO AMA Ikastetxea"",""Address"":{""Street"":""AVENIDA LOURDES 8"",""City"":""Elorrio"",""State"":""Vizcaya"",""CountryOrRegion"":""ES"",""PostalCode"":""48230"",""Type"":""Unknown"",""IsInferred"":""False""},""Coordinates"":{""Latitude"":43.1344,""Longitude"":-2.53579}}","946.820.056","zuzendaria@lourdeskoama.eus","https://www.aldapeta.eus/",,"[""Abadiño Elorrio Berriz""]","[""Centro educativo""]","[""Infancia"",""Juventud""]","Local","Point (-2.53579 43.1344)","CESAR ENRIQUE PINARGOTE GAVILANES"
"GARAMENDI-TAR AGUSTIN",,"[""Infancia"",""Juventud""]","{""EntityType"":""LocalBusiness"",""LocationUri"":""https://www.bingapis.com/api/v6/localbusinesses/YN6306x4350099962944226193?setLang=es-ES"",""DisplayName"":""Elorrioko Musika Eskola"",""Address"":{""Street"":""Calle de San Roke 3"",""City"":""Elorrio"",""State"":""Vizcaya"",""CountryOrRegion"":""ES"",""PostalCode"":""48230"",""Type"":""Unknown"",""IsInferred"":""False""},""Coordinates"":{""Latitude"":43.1281,""Longitude"":-2.54285}}","946.231.922","elorrioko.musikaeskola@gmail.com",,,"[""Abadiño Elorrio Berriz""]","[""Centro educativo""]","[""Infancia"",""Juventud""]","Local","Point (-2.54285 43.1281)","CESAR ENRIQUE PINARGOTE GAVILANES"
"ELORRIO IKASTETXEA",,"[""Infancia"",""Juventud""]","{""EntityType"":""LocalBusiness"",""LocationUri"":""https://www.bingapis.com/api/v6/localbusinesses/YN6306x8862963885751124844?setLang=es-ES"",""DisplayName"":""ELORRIO IKASTETXEA"",""Address"":{""Street"":""Calle San Roke, 12"",""City"":""Elorrio"",""State"":""Vizcaya"",""CountryOrRegion"":""ES"",""PostalCode"":""48230"",""Type"":""Unknown"",""IsInferred"":""False""},""Coordinates"":{""Latitude"":43.1267,""Longitude"":-2.54479}}","944.280.138","015082aa@hezkuntza.net","https://www.aldapeta.eus/",,"[""Abadiño Elorrio Berriz""]","[""Centro educativo""]","[""Infancia"",""Juventud""]","Local","Point (-2.54479 43.1267)","CESAR ENRIQUE PINARGOTE GAVILANES"
"ELORRIOKO TXINTXIRRI IKASTOLA",,"[""Infancia"",""Juventud""]","{""EntityType"":""LocalBusiness"",""LocationUri"":""https://www.bingapis.com/api/v6/localbusinesses/YN6306x521096623?setLang=es-ES"",""DisplayName"":""Elorrioko Txintxirri Ikastola"",""Address"":{""Street"":""Calle de San Pío X 3"",""City"":""Elorrio"",""State"":""Vizcaya"",""CountryOrRegion"":""ES"",""PostalCode"":""48230"",""Type"":""Unknown"",""IsInferred"":""False""},""Coordinates"":{""Latitude"":43.1305,""Longitude"":-2.5449}}","946.582.261","elorrio@ikastola.eus",,,"[""Abadiño Elorrio Berriz""]","[""Centro educativo""]","[""Infancia"",""Juventud""]","Local","Point (-2.5449 43.1305)","CESAR ENRIQUE PINARGOTE GAVILANES"
"ELORRIO",,"[""Infancia"",""Juventud""]","{""EntityType"":""LocalBusiness"",""LocationUri"":""https://www.bingapis.com/api/v6/localbusinesses/YN6306x8862963885751124844?setLang=es-ES"",""DisplayName"":""ELORRIO IKASTETXEA"",""Address"":{""Street"":""Calle San Roke, 12"",""City"":""Elorrio"",""State"":""Vizcaya"",""CountryOrRegion"":""ES"",""PostalCode"":""48230"",""Type"":""Unknown"",""IsInferred"":""False""},""Coordinates"":{""Latitude"":43.1267,""Longitude"":-2.54479}}","944.287.821","014258aa@elorrioeskola.net",,,"[""Abadiño Elorrio Berriz""]","[""Centro educativo""]","[""Infancia"",""Juventud""]","Local","Point (-2.54479 43.1267)","CESAR ENRIQUE PINARGOTE GAVILANES"
"MARIA BITARTEKO",,"[""Infancia"",""Juventud""]","{""EntityType"":""LocalBusiness"",""LocationUri"":""https://www.bingapis.com/api/v6/localbusinesses/YN6692x114124393?setLang=es-ES"",""DisplayName"":""Maria Bitarteko Ikastetxea"",""Address"":{""Street"":""CALLE URARKA 2"",""City"":""Elorrio"",""State"":""Vizcaya"",""CountryOrRegion"":""ES"",""PostalCode"":""48230"",""Type"":""Unknown"",""IsInferred"":""False""},""Coordinates"":{""Latitude"":43.1319,""Longitude"":-2.5445}}","946.231.626","mariabitartekoikastetxea@hotmail.com",,,"[""Abadiño Elorrio Berriz""]","[""Centro educativo""]","[""Infancia"",""Juventud""]","Local","Point (-2.5445 43.1319)","CESAR ENRIQUE PINARGOTE GAVILANES"
"Biziraun - Asociación de personas afectadas por el suicidio de un ser querido","Biziraun está compuesta por un grupo de personas del País Vasco, que están viviendo esta pérdida de un ser querido por suicido y quieren compartir un espacio con personas en situación similar. Para ello estamos estrechando lazos con otros grupos de superv","[""Infancia"",""Juventud"",""Personas Mayores"",""Salud mental/Bienestar emocional""]",,,,"https://www.biziraun.org/es",,"[""Abadiño Elorrio Berriz"",""Aiara"",""Amorebieta"",""Arratia"",""Arrigorriaga"",""Basauri Ariz"",""Basauri Kareaga"",""Bermeo"",""Durango"",""Galdakao"",""Gernika"",""Lekeitio"",""Llodio"",""Markina"",""Gernikaldea"",""Etxebarri"",""Ondarroa""]","[""Asociación""]","[""Población general"",""Familias""]","Autonómica",,"CESAR ENRIQUE PINARGOTE GAVILANES"
"Mujeres con Voz","Apoyar la integración y promoción social de las mujeres migrantes alcanzando su autonomía en el desarrollo personal sin perder su identidad incentivando su acercamiento a la vida social y cultural, política y económica de Getxo y de la CAPV.","[""Mujeres"",""Personas en riesgo de exclusión social"",""Personas migrantes"",""Personas cuidadoras""]","{""EntityType"":""LocalBusiness"",""LocationUri"":""https://www.bingapis.com/api/v6/localbusinesses/YN6306x17397341309763017237?setLang=es-ES"",""DisplayName"":""Mujeres Con Voz"",""Address"":{""Street"":""Amezti 6, 1º 8"",""City"":""Algorta"",""State"":""Vizcaya"",""CountryOrRegion"":""ES"",""PostalCode"":""48991"",""Type"":""Unknown"",""IsInferred"":""False""},""Coordinates"":{""Latitude"":43.3491,""Longitude"":-3.01055}}","655.603.809",,"https://mujeresyvoces.blogspot.com/",,"[""Abadiño Elorrio Berriz"",""Amorebieta"",""Durango"",""Markina"",""Ondarroa"",""Aiara"",""Arratia"",""Arrigorriaga"",""Basauri Ariz"",""Basauri Kareaga"",""Bermeo"",""Etxebarri"",""Galdakao"",""Gernika"",""Gernikaldea"",""Lekeitio"",""Llodio""]","[""Asociación""]","[""Personas cuidadoras"",""Personas adultas"",""Personas migrantes""]","Autonómica","Point (-3.01055 43.3491)","CESAR ENRIQUE PINARGOTE GAVILANES"
"Mancomunidad de Durango - Servicios Sociales","Colabora con los Ayuntamientos de 11 municipios: Abadiño, Atxondo, Berriz, Durango, Elorrio, Garai, Iurreta, Izurtza, Mañaria, Zaldibar y Otxandio(no pertenece a esta OSI)
Ofrecen servicios sociales de base en el propio centro.
Además:
- Servicio de Perso","[""Personas en riesgo de exclusión social"",""Salud comunitaria"",""Personas Mayores"",""Salud mental/Bienestar emocional"",""Infancia"",""Juventud"",""Mujeres"",""Hombres""]","{""EntityType"":""LocalBusiness"",""LocationUri"":""https://www.bingapis.com/api/v6/localbusinesses/YN170B0029DBD225CA?setLang=es-ES"",""DisplayName"":""Durangoko Merinaldearen Amankomunazgoa - Gizarte Zerbitzuak"",""Address"":{""Street"":""Calle de Bruno Mauricio de Zabala 9"",""City"":""Durango"",""State"":""País Vasco / Euskadi"",""CountryOrRegion"":""España"",""PostalCode"":""48200"",""Type"":""Unknown"",""IsInferred"":""False""},""Coordinates"":{""Latitude"":43.1673,""Longitude"":-2.6353}}","946.200.492","mankomunitatea@dma.eus","https://www.dma.eus/es-ES",,"[""Abadiño Elorrio Berriz"",""Durango""]","[""Institución pública""]","[""Población general"",""Personas migrantes"",""Personas cuidadoras"",""Personas adultas"",""Personas mayores"",""Diversidad funcional""]","Local","Point (-2.6353 43.1673)","CESAR ENRIQUE PINARGOTE GAVILANES"
"Ayuntamiento de Abadiño - Bienestar Social","Informar y orientar sobre los recursos sociales existentes
Facilitar el acceso a los servicios y prestaciones sociales a todas las personas que tienen derecho a ellas
Ayudar a las personas que viven en los municipios y no tienen cubiertas sus necesidades ","[""Salud mental/Bienestar emocional"",""Personas Mayores"",""Juventud"",""Infancia""]","{""EntityType"":""LocalBusiness"",""LocationUri"":""https://www.bingapis.com/api/v6/localbusinesses/YN6306x1013914111028538393?setLang=es-ES"",""DisplayName"":""Abadiño Elizateko Udala"",""Address"":{""Street"":""San Trokaz plaza, 1"",""City"":""Abadiño-Zelaieta"",""State"":""País Vasco / Euskadi"",""CountryOrRegion"":""España"",""PostalCode"":""48220"",""Type"":""Unknown"",""IsInferred"":""False""},""Coordinates"":{""Latitude"":43.1524,""Longitude"":-2.60805}}","946.200.492","sac@abadiano.eus","https://www.xn--abadio-0wa.org/es-ES/Servicios/BienestarSocial/Paginas/default.aspx",,"[""Abadiño Elorrio Berriz""]","[""Institución pública""]","[""Población general"",""Personas migrantes"",""Personas cuidadoras"",""Personas adultas"",""Personas mayores"",""Diversidad funcional""]","Local","Point (-2.60805 43.1524)","CESAR ENRIQUE PINARGOTE GAVILANES"
"Esku Hutsik - Asociación de duelo gestacional, perinatal y neonatal de Euskadi y Navarra","Ofrecen recursos materiales y humanos a familias para el proceso y acompañamiento del duelo.
Acompañamiento burocrático tras el fallecimiento de un/a hije.
También en embarazos con complicaciones, dudas, embarazos arcoiris...","[""Salud mental/Bienestar emocional"",""Salud sexual y reproductiva"",""Personas cuidadoras""]","{""EntityType"":""LocalBusiness"",""LocationUri"":""https://www.bingapis.com/api/v6/localbusinesses/YNDE5907510395F41?setLang=es-ES"",""DisplayName"":""Esku Hutsik"",""Address"":{""Street"":""Plaza de José María Chavarri Zuazo"",""City"":""Las Arenas-Areeta"",""State"":""País Vasco / Euskadi"",""CountryOrRegion"":""España"",""PostalCode"":""48930"",""Type"":""Unknown"",""IsInferred"":""False""},""Coordinates"":{""Latitude"":43.33,""Longitude"":-3.00693}}","722.822.039","eskuhutsik@gmail.com","https://eskuhutsik.es/",,"[""Durango"",""Abadiño Elorrio Berriz"",""Aiara"",""Amorebieta"",""Arratia"",""Arrigorriaga"",""Basauri Ariz"",""Basauri Kareaga"",""Bermeo"",""Etxebarri"",""Galdakao"",""Gernika"",""Gernikaldea"",""Lekeitio"",""Llodio"",""Markina"",""Ondarroa""]","[""Asociación""]","[""Población general"",""Familias""]","Estatal","Point (-3.00693 43.33)","CESAR ENRIQUE PINARGOTE GAVILANES"
"Mancomunidad de Durango - Zaindu","Servicio de apoyo a familiares cuidadores","[""Personas cuidadoras"",""Mujeres"",""Personas Mayores"",""Enfermedades crónicas"",""Personas en riesgo de exclusión social"",""Salud mental/Bienestar emocional""]","{""EntityType"":""LocalBusiness"",""LocationUri"":""https://www.bingapis.com/api/v6/localbusinesses/YN6306x16419206537484515597?setLang=es-ES"",""DisplayName"":""Landako Gunea"",""Address"":{""Street"":""Landako etorbidea, 6"",""City"":""Durango"",""State"":""Vizcaya"",""CountryOrRegion"":""Spain"",""PostalCode"":""48200"",""Type"":""Unknown"",""IsInferred"":""False""},""Coordinates"":{""Latitude"":43.1711,""Longitude"":-2.63055}}","946.200.546",,"https://www.dma.eus/es-ES/Servicios/Servicios-Sociales/Zaindu/Paginas/default.aspx",,"[""Abadiño Elorrio Berriz"",""Durango""]","[""Institución pública""]","[""Familias""]","Local","Point (-2.63055 43.1711)","CESAR ENRIQUE PINARGOTE GAVILANES"
"Residencia Atxarte","Influir sobre el cuerpo social con objeto de conseguir la más completa toma de conciencia de la sociedad para que ésta, en su conjunto, acepte a las personas con discapacidad intelectual y colabore en el reconocimiento y ejercicio de sus derechos.
Proporc","[""Personas Mayores"",""Enfermedades crónicas"",""Salud mental/Bienestar emocional""]","{""EntityType"":""LocalBusiness"",""LocationUri"":""https://www.bingapis.com/api/v6/localbusinesses/YN6306x12556364372110661317?setLang=es-ES"",""DisplayName"":""Residencia Atxarte De Gorabide"",""Address"":{""Street"":""Astola Auzoa, 66, 48220 Abadiño, Bizkaia, Spain"",""City"":""Abadiño"",""State"":""Vizcaya"",""CountryOrRegion"":""España"",""PostalCode"":""48220"",""Type"":""Unknown"",""IsInferred"":""False""},""Coordinates"":{""Latitude"":43.1483,""Longitude"":-2.61763}}","946.816.141","atxarte@gorabide.com","https://gorabide.com/",,"[""Abadiño Elorrio Berriz""]","[""Sanidad""]","[""Familias"",""Diversidad funcional"",""Personas mayores""]","Local","Point (-2.61763 43.1483)","CESAR ENRIQUE PINARGOTE GAVILANES"
"Ayuntamiento de Zaldibar - Kultura","Gestiona Bibliotecas, Cultura y Deporte en el municipio
Publicita periódicamente actividades relacionadas en este ámbito
Tiene actividad a través del canal de Whatasapp y Redes Sociales","[""Cultura, ocio y naturaleza"",""Actividad física""]","{""EntityType"":""LocalBusiness"",""LocationUri"":""https://www.bingapis.com/api/v6/localbusinesses/YN6306x12485652238147608098?setLang=es-ES"",""DisplayName"":""Ayuntamiento De Zaldibar"",""Address"":{""Street"":""Calle Elizondo, 10"",""City"":""Zaldibar"",""State"":""Vizcaya"",""CountryOrRegion"":""España"",""PostalCode"":""48250"",""Type"":""Unknown"",""IsInferred"":""False""},""Coordinates"":{""Latitude"":43.1712,""Longitude"":-2.54679}}","696.509.967","kultura@zaldibar.eus","https://www.zaldibar.eus/es-ES/Paginas/default.aspx",,"[""Abadiño Elorrio Berriz""]","[""Institución pública""]","[""Población general""]","Local","Point (-2.54679 43.1712)","CESAR ENRIQUE PINARGOTE GAVILANES"
"Contra el Cáncer en Bizkaia","Área de promoción y prevención
Colaboración con educación y salud para la promoción de actividad de espacios sin humo, cáncer colorrectal y protección solar

Área de Trabajo social
Prestación de material ortopédico, ayudas económicas, pisos, acompañamient","[""Salud mental/Bienestar emocional"",""Juventud"",""Personas Mayores"",""Infancia"",""Enfermedades crónicas""]","{""EntityType"":""LocalBusiness"",""LocationUri"":""https://www.bingapis.com/api/v6/localbusinesses/YN6306x3747471864240632857?setLang=es-ES"",""DisplayName"":""Asociación Contra El Cáncer En Bizkaia"",""Address"":{""Street"":""C/ Licenciado Poza, 14, 1ª Planta"",""City"":""Bilbao"",""State"":""BI"",""CountryOrRegion"":""España"",""PostalCode"":""48011"",""Type"":""Unknown"",""IsInferred"":""False""},""Coordinates"":{""Latitude"":43.2612,""Longitude"":-2.93657}}","900.100.036",,"https://www.contraelcancer.es/es",,"[""Abadiño Elorrio Berriz"",""Amorebieta"",""Durango"",""Markina"",""Ondarroa"",""Gernika"",""Gernikaldea"",""Lekeitio"",""Bermeo"",""Arratia"",""Galdakao"",""Etxebarri"",""Basauri Kareaga"",""Basauri Ariz"",""Arrigorriaga"",""Aiara""]","[""Asociación""]","[""Familias"",""Personas cuidadoras""]","Provincial","Point (-2.93657 43.2612)","CESAR ENRIQUE PINARGOTE GAVILANES"
"Gobierno Vasco - Departamento de Igualdad, Justicia y Políticas Sociales",,"[""Mujeres"",""Población general""]",,,,,,"[""Aiara"",""Abadiño Elorrio Berriz"",""Basauri Ariz"",""Arrigorriaga"",""Basauri Kareaga"",""Arratia"",""Bermeo"",""Durango"",""Etxebarri"",""Galdakao"",""Gernika"",""Gernikaldea"",""Lekeitio"",""Llodio"",""Amorebieta"",""Markina"",""Ondarroa""]","[""Institución pública""]","[""Población general"",""Mujer""]","Autonómica",,"CESAR ENRIQUE PINARGOTE GAVILANES"
"Gobierno Vasco – Departamento de Bienestar, Juventud y Reto Demográfico","Diseño, planificación y ejecución de políticas públicas orientadas al bienestar social, la juventud, las familias, la infancia y adolescencia, la emancipación juvenil, el reto demográfico, la atención a la dependencia, la inclusión social, la inmigración, el voluntariado y el fortalecimiento del tercer sector social en la Comunidad Autónoma del País Vasco.","[""Juventud"",""Infancia"",""Personas en riesgo de exclusión social"",""Personas cuidadoras"",""Personas migrantes""]","{""EntityType"":""Custom"",""LocationUri"":null,""DisplayName"":""C/ Donostia – San Sebastián, 1 Lakua – Vitoria-Gasteiz 01010 Araba / Álava"",""Address"":null,""Coordinates"":{""Latitude"":null,""Longitude"":null}}","945.018.000",,"https://www.euskadi.eus/gobierno-vasco/departamento-bienestar-juventud-reto-demografico/","Atención ciudadana – Gobierno Vasco (Servicio 012)  
Se canaliza la atención a través del teléfono 012 y la sede electrónica.","[""Abadiño Elorrio Berriz"",""Aiara"",""Amorebieta"",""Arratia"",""Arrigorriaga"",""Basauri Ariz"",""Basauri Kareaga"",""Bermeo"",""Durango"",""Etxebarri"",""Galdakao"",""Gernika"",""Gernikaldea"",""Lekeitio"",""Llodio"",""Markina"",""Ondarroa""]","[""Institución pública""]","[""Población general""]","Autonómica",,"CESAR ENRIQUE PINARGOTE GAVILANES"
"Ayuntamiento Galdakao - Promoción económica y Empleo",,"[""Formación"",""Ocupación/inserción laboral"",""Población general""]","{""EntityType"":""LocalBusiness"",""LocationUri"":""https://www.bingapis.com/api/v6/localbusinesses/YNDDA520B5C5AE7041?setLang=es-ES"",""DisplayName"":""Ayuntamiento de Galdakao"",""Address"":{""Street"":""Plaza de Gurutzeko 1"",""City"":""Galdakao"",""State"":""País Vasco / Euskadi"",""CountryOrRegion"":""España"",""PostalCode"":""48960"",""Type"":""Unknown"",""IsInferred"":""False""},""Coordinates"":{""Latitude"":43.2312,""Longitude"":-2.83991}}","944.010.580",,"https://www.galdakao.eus/promocion-economica-empleo",,"[""Galdakao""]","[""Institucion""]",,"Local","Point (-2.83991 43.2312)","CESAR ENRIQUE PINARGOTE GAVILANES"
"Asociación de personas mayores Izarra ","Organizar el ocio y tiempo libre para las personas mayores. Elevar el nivel social, cultural y de convivencia de sus componentes, así como de las personas del entorno.","[""Personas Mayores"",""Salud comunitaria""]","{""EntityType"":""Custom"",""LocationUri"":null,""DisplayName"":""43.23350718224933, -2.841970631383036"",""Address"":null,""Coordinates"":{""Latitude"":null,""Longitude"":null}}",,,,"horario de atención Martes  de 17:00 a 19:00 ","[""Galdakao""]","[""Asociación""]",,"Local",,"PAULA GARCIA CRESPO"
"ESNATU ","Programa de Atención Psicológica de víctimas de violencia machista contra las mujeres.

Programa de Atención Psicológica a víctimas de violencia sexual.

Programa de Atención Psicológica a personas autoras de actos de maltrato o de delitos contra la libertad sexual.

- Diagnóstico y valoración.
- Atención Psicológica Individualizada: tratamientos individuales de apoyo psicológico y de psicoterapia a las personas beneficiarias.
- Atención Psicológica Grupal como intervención complementaria a la atención psicológica individualizada.
- Seguimiento de los casos atendidos.
- Evaluación de los casos tratados.
- La asistencia psicológica prestada será urgente (en los casos de riesgo inminente), gratuita y especializada.","[""Mujeres""]","{""EntityType"":""LocalBusiness"",""LocationUri"":""https://www.bingapis.com/api/v6/localbusinesses/YNFC574BBC87D5E970?setLang=es-ES"",""DisplayName"":""Diputación Foral de Bizkaia"",""Address"":{""Street"":""Avenida Lehendakari Aguirre 9"",""City"":""Bilbao"",""State"":""País Vasco / Euskadi"",""CountryOrRegion"":""España"",""PostalCode"":""48014"",""Type"":""Unknown"",""IsInferred"":""False""},""Coordinates"":{""Latitude"":43.2621,""Longitude"":-2.93211}}","946.620.505","esnatu@bizkaia.eus","https://www.bizkaia.eus/es/tema-detalle/-/edukia/dt/1807","
En Durango: lunes, miércoles, jueves y viernes de 8:00h a 15:00h.","[""Durango""]","[""Institución pública""]","[""Mujer"",""Familias""]","Provincial","Point (-2.93211 43.2621)","CESAR ENRIQUE PINARGOTE GAVILANES"
"ESNATU ","Programa de Atención Psicológica de víctimas de violencia machista contra las mujeres.

Programa de Atención Psicológica a víctimas de violencia sexual.

Programa de Atención Psicológica a personas autoras de actos de maltrato o de delitos contra la libertad sexual.

- Diagnóstico y valoración.
- Atención Psicológica Individualizada: tratamientos individuales de apoyo psicológico y de psicoterapia a las personas beneficiarias.
- Atención Psicológica Grupal como intervención complementaria a la atención psicológica individualizada.
- Seguimiento de los casos atendidos.
- Evaluación de los casos tratados.
- La asistencia psicológica prestada será urgente (en los casos de riesgo inminente), gratuita y especializada.","[""Mujeres""]","{""EntityType"":""LocalBusiness"",""LocationUri"":""https://www.bingapis.com/api/v6/localbusinesses/YNFC574BBC87D5E970?setLang=es-ES"",""DisplayName"":""Diputación Foral de Bizkaia"",""Address"":{""Street"":""Avenida Lehendakari Aguirre 9"",""City"":""Bilbao"",""State"":""País Vasco / Euskadi"",""CountryOrRegion"":""España"",""PostalCode"":""48014"",""Type"":""Unknown"",""IsInferred"":""False""},""Coordinates"":{""Latitude"":43.2621,""Longitude"":-2.93211}}","946.620.505","esnatu@bizkaia.eus","https://www.bizkaia.eus/es/tema-detalle/-/edukia/dt/1807","En Markina-Xemein: lunes, martes, miércoles y viernes de 08:00 a 15:00h.","[""Markina""]","[""Institución pública""]","[""Mujer"",""Familias""]","Provincial","Point (-2.93211 43.2621)","CESAR ENRIQUE PINARGOTE GAVILANES"
"ESNATU ","Programa de Atención Psicológica de víctimas de violencia machista contra las mujeres.

Programa de Atención Psicológica a víctimas de violencia sexual.

Programa de Atención Psicológica a personas autoras de actos de maltrato o de delitos contra la libertad sexual.

- Diagnóstico y valoración.
- Atención Psicológica Individualizada: tratamientos individuales de apoyo psicológico y de psicoterapia a las personas beneficiarias.
- Atención Psicológica Grupal como intervención complementaria a la atención psicológica individualizada.
- Seguimiento de los casos atendidos.
- Evaluación de los casos tratados.
- La asistencia psicológica prestada será urgente (en los casos de riesgo inminente), gratuita y especializada.","[""Mujeres""]","{""EntityType"":""LocalBusiness"",""LocationUri"":""https://www.bingapis.com/api/v6/localbusinesses/YNFC574BBC87D5E970?setLang=es-ES"",""DisplayName"":""Diputación Foral de Bizkaia"",""Address"":{""Street"":""Avenida Lehendakari Aguirre 9"",""City"":""Bilbao"",""State"":""País Vasco / Euskadi"",""CountryOrRegion"":""España"",""PostalCode"":""48014"",""Type"":""Unknown"",""IsInferred"":""False""},""Coordinates"":{""Latitude"":43.2621,""Longitude"":-2.93211}}","946.620.505","esnatu@bizkaia.eus","https://www.bizkaia.eus/es/tema-detalle/-/edukia/dt/1807","En Gernika: lunes de 9:00 a 18:00h; martes y miércoles de 08:00 a 15:00h.","[""Gernika""]","[""Institución pública""]","[""Mujer"",""Familias""]","Provincial","Point (-2.93211 43.2621)","CESAR ENRIQUE PINARGOTE GAVILANES"
"MANUELA ZUBIZARRETA","Centro educativo","[""Infancia"",""Juventud""]","{""EntityType"":""LocalBusiness"",""LocationUri"":""https://www.bingapis.com/api/v6/localbusinesses/YN6306x5162730255150133630?setLang=es-ES"",""DisplayName"":""Colegio Público Manuela Zubizarreta"",""Address"":{""Street"":""C/ Ribera, 25"",""City"":""Etxebarria"",""State"":""Vizcaya"",""CountryOrRegion"":""ES"",""PostalCode"":""48277"",""Type"":""Unknown"",""IsInferred"":""False""},""Coordinates"":{""Latitude"":43.2543,""Longitude"":-2.47596}}","946.168.159","014256aa@hezkuntza.net",,,"[""Markina""]","[""Educación""]",,,"Point (-2.47596 43.2543)","CESAR ENRIQUE PINARGOTE GAVILANES"
"ETXEBARRIAKO HAURRESKOLA","Centro educativo","[""Infancia""]","{""EntityType"":""PostalAddress"",""LocationUri"":""https://www.bingapis.com/api/v6/geoentities?streetaddress=Grupo+Errekarte&locality=Erbera+o+San+Andres&subregion=Vizcaya&region=Pa%c3%ads+Vasco+%2f+Euskadi&postalcode=48277&country=Espa%c3%b1a&setLang=es-ES%2ces-es&count=1"",""DisplayName"":""Grupo Errekarte"",""Address"":{""Street"":""Grupo Errekarte"",""City"":""Erbera o San Andres"",""State"":""País Vasco / Euskadi"",""CountryOrRegion"":""España"",""PostalCode"":""48277"",""Type"":""Unknown"",""IsInferred"":""False""},""Coordinates"":{""Latitude"":null,""Longitude"":null}}","946.167.630","etxebarria.etxebarria@haurreskolak.eus",,,"[""Markina""]","[""Educación""]",,,,"CESAR ENRIQUE PINARGOTE GAVILANES"
"LEA-ARTIBAI BATXILERGOA","Centro educativo","[""Infancia"",""Juventud""]","{""EntityType"":""LocalBusiness"",""LocationUri"":""https://www.bingapis.com/api/v6/localbusinesses/YN6306x16401761485023250862?setLang=es-ES"",""DisplayName"":""LEA ARTIBAI IKASTETXEA S "",""Address"":{""Street"":""Xemein Etorbidea, 19 Bajo"",""City"":""Bizkaia"",""State"":""Vizcaya"",""CountryOrRegion"":""ES"",""PostalCode"":""48270"",""Type"":""Unknown"",""IsInferred"":""False""},""Coordinates"":{""Latitude"":43.2685,""Longitude"":-2.49367}}","946.169.002","sgabiola@leartik.eus",,,"[""Markina""]","[""Educación""]",,,"Point (-2.49367 43.2685)","CESAR ENRIQUE PINARGOTE GAVILANES"
"BEKOBENTA","Centro educativo","[""Infancia"",""Juventud""]","{""EntityType"":""PostalAddress"",""LocationUri"":""https://www.bingapis.com/api/v6/geoentities?streetaddress=Beko+Benta+Kalea%2c+3&locality=Markina-Xemein&subregion=Vizcaya&region=Pa%c3%ads+Vasco+%2f+Euskadi&postalcode=48270&country=Espa%c3%b1a&setLang=es-ES%2ces-es&count=1"",""DisplayName"":""Beko Benta Kalea, 3"",""Address"":{""Street"":""Beko Benta Kalea, 3"",""City"":""Markina-Xemein"",""State"":""País Vasco / Euskadi"",""CountryOrRegion"":""España"",""PostalCode"":""48270"",""Type"":""Unknown"",""IsInferred"":""False""},""Coordinates"":{""Latitude"":null,""Longitude"":null}}","946.166.130","014352aa@hezkuntza.net","https://www.aldapeta.eus/",,"[""Markina""]","[""Educación""]",,,,"CESAR ENRIQUE PINARGOTE GAVILANES"
"BERA-KRUZ IKASTOLA","Centro educativo","[""Infancia"",""Juventud""]","{""EntityType"":""LocalBusiness"",""LocationUri"":""https://www.bingapis.com/api/v6/localbusinesses/YN6306x524414666?setLang=es-ES"",""DisplayName"":""BERA KRUZ IKASTOLA"",""Address"":{""Street"":""CALLE ABESUA, 5 - 7"",""City"":""Markina-Xemein"",""State"":""Vizcaya"",""CountryOrRegion"":""ES"",""PostalCode"":""48270"",""Type"":""Unknown"",""IsInferred"":""False""},""Coordinates"":{""Latitude"":43.2667,""Longitude"":-2.49673}}","946.166.030","idazkaritza@berakruz.eus",,,"[""Markina""]","[""Educación""]",,,"Point (-2.49673 43.2667)","CESAR ENRIQUE PINARGOTE GAVILANES"
"LEA-ARTIBAI","Centro educativo","[""Infancia"",""Juventud""]","{""EntityType"":""LocalBusiness"",""LocationUri"":""https://www.bingapis.com/api/v6/localbusinesses/YN6306x16401761485023250862?setLang=es-ES"",""DisplayName"":""LEA ARTIBAI IKASTETXEA S "",""Address"":{""Street"":""Xemein Etorbidea, 19 Bajo"",""City"":""Bizkaia"",""State"":""Vizcaya"",""CountryOrRegion"":""ES"",""PostalCode"":""48270"",""Type"":""Unknown"",""IsInferred"":""False""},""Coordinates"":{""Latitude"":43.2685,""Longitude"":-2.49367}}","946.169.002","sgabiola@leartik.eus","https://www.aldapeta.eus/",,"[""Markina""]","[""Educación""]",,,"Point (-2.49367 43.2685)","CESAR ENRIQUE PINARGOTE GAVILANES"
"MARKINA","Centro educativo","[""Infancia"",""Juventud""]","{""EntityType"":""PostalAddress"",""LocationUri"":""https://www.bingapis.com/api/v6/geoentities?streetaddress=Beko+Benta+Kalea%2c+3&locality=Markina-Xemein&subregion=Vizcaya&region=Pa%c3%ads+Vasco+%2f+Euskadi&postalcode=48270&country=Espa%c3%b1a&setLang=es-ES%2ces-es&count=1"",""DisplayName"":""Beko Benta Kalea, 3"",""Address"":{""Street"":""Beko Benta Kalea, 3"",""City"":""Markina-Xemein"",""State"":""País Vasco / Euskadi"",""CountryOrRegion"":""España"",""PostalCode"":""48270"",""Type"":""Unknown"",""IsInferred"":""False""},""Coordinates"":{""Latitude"":null,""Longitude"":null}}","946.168.771","bekotxiki.markina@haurreskolak.eus",,,"[""Markina""]","[""Educación""]",,,,"CESAR ENRIQUE PINARGOTE GAVILANES"
"MARKINAKO HAURRESKOLA-BEKO-TXIKI","Centro educativo","[""Infancia""]","{""EntityType"":""PostalAddress"",""LocationUri"":""https://www.bingapis.com/api/v6/geoentities?streetaddress=Beko+Benta+Kalea%2c+3&locality=Markina-Xemein&subregion=Vizcaya&region=Pa%c3%ads+Vasco+%2f+Euskadi&postalcode=48270&country=Espa%c3%b1a&setLang=es-ES%2ces-es&count=1"",""DisplayName"":""Beko Benta Kalea, 3"",""Address"":{""Street"":""Beko Benta Kalea, 3"",""City"":""Markina-Xemein"",""State"":""País Vasco / Euskadi"",""CountryOrRegion"":""España"",""PostalCode"":""48270"",""Type"":""Unknown"",""IsInferred"":""False""},""Coordinates"":{""Latitude"":null,""Longitude"":null}}","944.287.833","015091aa@hezkuntza.net","https://www.aldapeta.eus/",,"[""Markina""]","[""Educación""]",,,,"CESAR ENRIQUE PINARGOTE GAVILANES"
"PEÑASCAL MARKINA","Centro educativo","[""Infancia"",""Juventud""]","{""EntityType"":""PostalAddress"",""LocationUri"":""https://www.bingapis.com/api/v6/geoentities?streetaddress=Camino+de+Meabe%2c+4b&locality=Markina-Xemein&subregion=Vizcaya&region=Pa%c3%ads+Vasco+%2f+Euskadi&postalcode=48270&country=Espa%c3%b1a&setLang=es-ES%2ces-es&count=1"",""DisplayName"":""Camino de Meabe, 4b"",""Address"":{""Street"":""Camino de Meabe, 4b"",""City"":""Markina-Xemein"",""State"":""País Vasco / Euskadi"",""CountryOrRegion"":""España"",""PostalCode"":""48270"",""Type"":""Unknown"",""IsInferred"":""False""},""Coordinates"":{""Latitude"":null,""Longitude"":null}}","946.169.652","cpfpb-markina@grupopenascal.com",,,"[""Markina""]","[""Educación""]",,,,"CESAR ENRIQUE PINARGOTE GAVILANES"
"NTRA. SRA. DE LA ANTIGUA",,"[""Infancia"",""Juventud""]","{""EntityType"":""LocalBusiness"",""LocationUri"":""https://www.bingapis.com/api/v6/localbusinesses/YN6306x15063928735953467129?setLang=es-ES"",""DisplayName"":""Antiguako Ama Ondarroa"",""Address"":{""Street"":""Iturribarri Kalea, 13, 48700 Ondarroa, Bizkaia, Spain"",""City"":""Ondárroa"",""State"":""País Vasco"",""CountryOrRegion"":""ES"",""PostalCode"":""48700"",""Type"":""Unknown"",""IsInferred"":""False""},""Coordinates"":{""Latitude"":43.3214,""Longitude"":-2.43227}}","946.830.206","info@arrantzaeskolaondarroa.org",,,"[""Ondarroa""]","[""Educación""]",,,"Point (-2.43227 43.3214)","CESAR ENRIQUE PINARGOTE GAVILANES"
"UNANUE-TAR PEDRO MARI",,,"{""EntityType"":""LocalBusiness"",""LocationUri"":""https://www.bingapis.com/api/v6/localbusinesses/YN6306x11155216572909864494?setLang=es-ES"",""DisplayName"":""Escuela De Música Unanue'Tar Pedro Mari (ondarroa)"",""Address"":{""Street"":""Paseo M. Unanue Enparantza, 1"",""City"":""Ondarroa"",""State"":""Vizcaya"",""CountryOrRegion"":""ES"",""PostalCode"":""48700"",""Type"":""Unknown"",""IsInferred"":""False""},""Coordinates"":{""Latitude"":43.3207,""Longitude"":-2.42043}}","946.134.063","unanuemusikaeskola@gmail.com",,,"[""Ondarroa""]","[""Educación""]",,,"Point (-2.42043 43.3207)","CESAR ENRIQUE PINARGOTE GAVILANES"
"ONDARROAKO HAURRESKOLA",,"[""Infancia""]","{""EntityType"":""LocalBusiness"",""LocationUri"":""https://www.bingapis.com/api/v6/localbusinesses/YN6306x2480069575134545468?setLang=es-ES"",""DisplayName"":""Ondarroa Haurreskola"",""Address"":{""Street"":""Calle Iñaki Deuna, 35"",""City"":""Ondarroa"",""State"":""Vizcaya"",""CountryOrRegion"":""ES"",""PostalCode"":""48700"",""Type"":""Unknown"",""IsInferred"":""False""},""Coordinates"":{""Latitude"":43.3197,""Longitude"":-2.42701}}","946.831.268","ondarroa.ondarroa@haurreskolak.eus",,,"[""Ondarroa""]","[""Educación""]",,,"Point (-2.42701 43.3197)","CESAR ENRIQUE PINARGOTE GAVILANES"
"ONDARROA",,"[""Infancia"",""Juventud""]","{""EntityType"":""LocalBusiness"",""LocationUri"":""https://www.bingapis.com/api/v6/localbusinesses/YN6306x13949250098754996638?setLang=es-ES"",""DisplayName"":""IES ONDARROA BHI"",""Address"":{""Street"":""Calle De Artibai 3"",""City"":""Ondarroa"",""State"":""Vizcaya"",""CountryOrRegion"":""ES"",""PostalCode"":""48700"",""Type"":""Unknown"",""IsInferred"":""False""},""Coordinates"":{""Latitude"":43.3195,""Longitude"":-2.42528}}","944.287.870","015623aa@hezkuntza.net",,,"[""Ondarroa""]","[""Educación""]",,,"Point (-2.42528 43.3195)","CESAR ENRIQUE PINARGOTE GAVILANES"
"BERRIATUA",,"[""Infancia"",""Juventud""]","{""EntityType"":""LocalBusiness"",""LocationUri"":""https://www.bingapis.com/api/v6/localbusinesses/YN6306x5047466245586881644?setLang=es-ES"",""DisplayName"":""Partzuergoko Haur Eskola Berriatuko Haurreskola"",""Address"":{""Street"":""64,Calle De Erribera"",""City"":""Berriatua"",""State"":""País Vasco"",""CountryOrRegion"":""Spain"",""PostalCode"":""48710"",""Type"":""Unknown"",""IsInferred"":""False""},""Coordinates"":{""Latitude"":43.3096,""Longitude"":-2.46771}}","946.139.063","014096aa@hezkuntza.net",,,"[""Ondarroa""]","[""Educación""]",,,"Point (-2.46771 43.3096)","CESAR ENRIQUE PINARGOTE GAVILANES"
"BERRIATUKO HAURRESKOLA",,"[""Infancia""]","{""EntityType"":""LocalBusiness"",""LocationUri"":""https://www.bingapis.com/api/v6/localbusinesses/YN6306x5047466245586881644?setLang=es-ES"",""DisplayName"":""Partzuergoko Haur Eskola Berriatuko Haurreskola"",""Address"":{""Street"":""64,Calle De Erribera"",""City"":""Berriatua"",""State"":""País Vasco"",""CountryOrRegion"":""Spain"",""PostalCode"":""48710"",""Type"":""Unknown"",""IsInferred"":""False""},""Coordinates"":{""Latitude"":43.3096,""Longitude"":-2.46771}}","946.139.803","berriatua.berriatua@haurreskolak.eus",,,"[""Ondarroa""]","[""Educación""]",,,"Point (-2.46771 43.3096)","CESAR ENRIQUE PINARGOTE GAVILANES"
"TARINE",,"[""Infancia"",""Juventud""]","{""EntityType"":""LocalBusiness"",""LocationUri"":""https://www.bingapis.com/api/v6/localbusinesses/YN6306x5047466245586881644?setLang=es-ES"",""DisplayName"":""Partzuergoko Haur Eskola Berriatuko Haurreskola"",""Address"":{""Street"":""64,Calle De Erribera"",""City"":""Berriatua"",""State"":""País Vasco"",""CountryOrRegion"":""Spain"",""PostalCode"":""48710"",""Type"":""Unknown"",""IsInferred"":""False""},""Coordinates"":{""Latitude"":43.3096,""Longitude"":-2.46771}}","946.139.889","tarine.musika@gmail.com","https://www.aldapeta.eus/",,"[""Ondarroa""]","[""Educación""]",,,"Point (-2.46771 43.3096)","CESAR ENRIQUE PINARGOTE GAVILANES"
"ZALDUPE",,"[""Infancia"",""Juventud""]","{""EntityType"":""LocalBusiness"",""LocationUri"":""https://www.bingapis.com/api/v6/localbusinesses/YN6306x521558199?setLang=es-ES"",""DisplayName"":""Zaldupe Hlhi"",""Address"":{""Street"":""Zaldubide15"",""City"":""Ondárroa, Spain"",""State"":""País Vasco"",""CountryOrRegion"":""ES"",""PostalCode"":""48700"",""Type"":""Unknown"",""IsInferred"":""False""},""Coordinates"":{""Latitude"":43.3201,""Longitude"":-2.4293}}","944.287.909","014378aa@hezkuntza.net",,,"[""Ondarroa""]","[""Educación""]",,,"Point (-2.4293 43.3201)","CESAR ENRIQUE PINARGOTE GAVILANES"
"PLAZA-GAIN IKASTOLA",,"[""Infancia"",""Juventud""]","{""EntityType"":""PostalAddress"",""LocationUri"":""https://www.bingapis.com/api/v6/geoentities?streetaddress=Erribera+Kalea%2c+9&locality=Ondarroa&subregion=Guip%c3%bazcoa&region=Pa%c3%ads+Vasco+%2f+Euskadi&postalcode=48700&country=Espa%c3%b1a&setLang=es-ES%2ces-es&count=1"",""DisplayName"":""Erribera Kalea, 9"",""Address"":{""Street"":""Erribera Kalea, 9"",""City"":""Ondarroa"",""State"":""País Vasco / Euskadi"",""CountryOrRegion"":""España"",""PostalCode"":""48700"",""Type"":""Unknown"",""IsInferred"":""False""},""Coordinates"":{""Latitude"":null,""Longitude"":null}}","946.831.416","ondarroa@zubizahar.eus",,,"[""Ondarroa""]","[""Educación""]",,,,"CESAR ENRIQUE PINARGOTE GAVILANES"
"ZUBI-ZAHAR IKASTOLA",,"[""Infancia"",""Juventud""]","{""EntityType"":""LocalBusiness"",""LocationUri"":""https://www.bingapis.com/api/v6/localbusinesses/YN6306x13175513676453428053?setLang=es-ES"",""DisplayName"":""ZUBI ZAHAR HERRI IKASTOLA"",""Address"":{""Street"":""Ibaiondo Kalea 15"",""City"":""Ondarroa"",""State"":""Euskadi"",""CountryOrRegion"":""ES"",""PostalCode"":""48700"",""Type"":""Unknown"",""IsInferred"":""False""},""Coordinates"":{""Latitude"":43.3196,""Longitude"":-2.43377}}","946.831.416","ondarroa@zubizahar.eus",,"administrazioa.ondarroa@ikastola.eus","[""Ondarroa""]","[""Educación""]",,,"Point (-2.43377 43.3196)","CESAR ENRIQUE PINARGOTE GAVILANES"
"ZORNOTZAKO HAURRESKOLA",,"[""Infancia""]","{""EntityType"":""LocalBusiness"",""LocationUri"":""https://www.bingapis.com/api/v6/localbusinesses/YN6306x2015473327471130593?setLang=es-ES"",""DisplayName"":""Larrea"",""Address"":{""Street"":""Barrio de Larra, 2B"",""City"":""Amorebieta-Etxano"",""State"":""Vizcaya"",""CountryOrRegion"":""ES"",""PostalCode"":""48340"",""Type"":""Unknown"",""IsInferred"":""False""},""Coordinates"":{""Latitude"":43.2277,""Longitude"":-3.03161}}","946.730.346","zornotza.amorebieta@haurreskolak.eus",,,"[""Amorebieta""]","[""Educación""]",,,"Point (-3.03161 43.2277)","CESAR ENRIQUE PINARGOTE GAVILANES"
"ZUBIAUR MUSIKA ESKOLA",,,"{""EntityType"":""PostalAddress"",""LocationUri"":""https://www.bingapis.com/api/v6/geoentities?streetaddress=Calle+de+Txiki+Otaegi%2c+1&locality=Amorebieta-Etxano&subregion=Vizcaya&region=Pa%c3%ads+Vasco+%2f+Euskadi&postalcode=48340&country=Espa%c3%b1a&setLang=es-ES%2ces-es&count=1"",""DisplayName"":""Calle de Txiki Otaegi, 1"",""Address"":{""Street"":""Calle de Txiki Otaegi, 1"",""City"":""Amorebieta-Etxano"",""State"":""País Vasco / Euskadi"",""CountryOrRegion"":""España"",""PostalCode"":""48340"",""Type"":""Unknown"",""IsInferred"":""False""},""Coordinates"":{""Latitude"":null,""Longitude"":null}}","946.301.510","zubiaur@ametx.eus",,,"[""Amorebieta""]","[""Educación""]",,,,"CESAR ENRIQUE PINARGOTE GAVILANES"
"URRITXE",,"[""Infancia"",""Juventud""]","{""EntityType"":""LocalBusiness"",""LocationUri"":""https://www.bingapis.com/api/v6/localbusinesses/YN6306x10654324663059909351?setLang=es-ES"",""DisplayName"":""IES URRITXE BHI"",""Address"":{""Street"":""Calle Urritxe, 13"",""City"":""Amorebieta-Etxano"",""State"":""Vizcaya"",""CountryOrRegion"":""ES"",""PostalCode"":""48340"",""Type"":""Unknown"",""IsInferred"":""False""},""Coordinates"":{""Latitude"":43.2238,""Longitude"":-2.72581}}","944.280.154","015627aa@hezkuntza.net",,"3-4 clases por curso en DBH y 2-3 clases por curso en Bachillerato","[""Amorebieta""]","[""Educación""]",,,"Point (-2.72581 43.2238)","CESAR ENRIQUE PINARGOTE GAVILANES"
"FP ZORNOTZA",,"[""Infancia"",""Juventud""]","{""EntityType"":""PostalAddress"",""LocationUri"":""https://www.bingapis.com/api/v6/geoentities?streetaddress=Urritxe+Auzoa&locality=Amorebieta-Etxano&subregion=Vizcaya&region=Pa%c3%ads+Vasco+%2f+Euskadi&postalcode=48340&country=Espa%c3%b1a&setLang=es-ES%2ces-es&count=1"",""DisplayName"":""Urritxe Auzoa"",""Address"":{""Street"":""Urritxe Auzoa"",""City"":""Amorebieta-Etxano"",""State"":""País Vasco / Euskadi"",""CountryOrRegion"":""España"",""PostalCode"":""48340"",""Type"":""Unknown"",""IsInferred"":""False""},""Coordinates"":{""Latitude"":null,""Longitude"":null}}","946.730.251","015628aa@hezkuntza.net",,"8 clases en 1ª de Ciclo Medio","[""Amorebieta""]","[""Educación""]",,,,"CESAR ENRIQUE PINARGOTE GAVILANES"
"LAUAXETA IKASTOLA",,"[""Infancia"",""Juventud""]","{""EntityType"":""LocalBusiness"",""LocationUri"":""https://www.bingapis.com/api/v6/localbusinesses/YN6306x17979072266460226888?setLang=es-ES"",""DisplayName"":""Lauaxeta Ikastola"",""Address"":{""Street"":""Barrio de San Miguel Dudea 2"",""City"":""Amorebieta-Etxano"",""State"":""Vizcaya"",""CountryOrRegion"":""ES"",""PostalCode"":""48340"",""Type"":""Unknown"",""IsInferred"":""False""},""Coordinates"":{""Latitude"":43.2026,""Longitude"":-2.70305}}","946.300.020","ikastola@lauaxeta.eus",,"3 clases por curso en LH y 4 clases por curso en DBH. Bachillerato depende del año","[""Amorebieta""]","[""Educación""]",,,"Point (-2.70305 43.2026)","CESAR ENRIQUE PINARGOTE GAVILANES"
"EL CARMELO",,"[""Infancia"",""Juventud""]","{""EntityType"":""LocalBusiness"",""LocationUri"":""https://www.bingapis.com/api/v6/localbusinesses/YN6306x526585202?setLang=es-ES"",""DisplayName"":""Colegio El Carmelo"",""Address"":{""Street"":""Kalbario Plaza 4"",""City"":""Amorebieta"",""State"":""Vizcaya"",""CountryOrRegion"":""ES"",""PostalCode"":""48340"",""Type"":""Unknown"",""IsInferred"":""False""},""Coordinates"":{""Latitude"":43.2211,""Longitude"":-2.73143}}","946.730.902","ikastetxea@elcarmelo.eus",,"1 clase por curso. 2 clases por curso en Bachillerato (normalmente)","[""Amorebieta""]","[""Educación""]",,,"Point (-2.73143 43.2211)","CESAR ENRIQUE PINARGOTE GAVILANES"
"ANDRA MARI IKASTOLA",,"[""Infancia"",""Juventud""]","{""EntityType"":""LocalBusiness"",""LocationUri"":""https://www.bingapis.com/api/v6/localbusinesses/YN6306x14209307268112810153?setLang=es-ES"",""DisplayName"":""Andramari Zornotzako Ikastola"",""Address"":{""Street"":""BARRIO LARRA, S/N"",""City"":""Amorebieta-Etxano"",""State"":""Vizcaya"",""CountryOrRegion"":""ES"",""PostalCode"":""48340"",""Type"":""Unknown"",""IsInferred"":""False""},""Coordinates"":{""Latitude"":43.2299,""Longitude"":-2.7373}}","946.732.950","administrari@zornotzaikastola.eus; zornotza@ikastola.eus","https://andramarizornotzakoikastola.eus/es/ikastola/","2 clases por curso","[""Amorebieta""]","[""Educación""]",,,"Point (-2.7373 43.2299)","CESAR ENRIQUE PINARGOTE GAVILANES"
"Asociación de personas mayores Lagun Artean ","Asociación de personas mayores que con la dinamización de una junta directiva realizan múltiples actividades como charlas, gimnasia, excursiones, comidas...","[""Salud comunitaria"",""Personas Mayores""]",,"946.087.702",,,,"[""Galdakao""]","[""Asociación""]",,"Local",,"CESAR ENRIQUE PINARGOTE GAVILANES"
"Ayuntamiento de Ondarroa - Deportes",,,,,,,,"[""Ondarroa""]","[""Institucion""]",,"Local",,"CESAR ENRIQUE PINARGOTE GAVILANES"
"Goiuriko Ama Nagusien Elkarte","Realizan actividades para personas mayores en el municipio de Iurreta","[""Personas Mayores""]","{""EntityType"":""PostalAddress"",""LocationUri"":""https://www.bingapis.com/api/v6/geoentities?streetaddress=Bixente+Kapanaga+Kalea%2c+9&locality=Iurreta&subregion=Vizcaya&region=Pa%c3%ads+Vasco+%2f+Euskadi&postalcode=48215&country=Espa%c3%b1a&setLang=es-ES%2ces-es&count=1"",""DisplayName"":""Bixente Kapanaga Kalea, 9"",""Address"":{""Street"":""Bixente Kapanaga Kalea, 9"",""City"":""Iurreta"",""State"":""País Vasco / Euskadi"",""CountryOrRegion"":""España"",""PostalCode"":""48215"",""Type"":""Unknown"",""IsInferred"":""False""},""Coordinates"":{""Latitude"":null,""Longitude"":null}}",,,,"Tienen contacto con la Mancomunidad","[""Durango""]","[""Asociación""]",,"Local",,"CESAR ENRIQUE PINARGOTE GAVILANES"
"Hogar de jubilados de igorre",,"[""Personas Mayores"",""Salud mental/Bienestar emocional"",""Cultura, ocio y naturaleza"",""Escuela de Salud""]","{""EntityType"":""Custom"",""LocationUri"":null,""DisplayName"":""hogar de jubilados de igorre "",""Address"":null,""Coordinates"":{""Latitude"":null,""Longitude"":null}}","653.708.411",,,"
","[""Arratia""]","[""Asociación""]",,"Local",,"PAULA GARCIA CRESPO"
"NÁUTICO BERMEO/BERMEOKO NAUTIKA",,"[""Infancia"",""Juventud""]","{""EntityType"":""LocalBusiness"",""LocationUri"":""https://www.bingapis.com/api/v6/localbusinesses/YN6306x98821379912308144?setLang=es-ES"",""DisplayName"":""Ies Nautico Pesquero Vicealmirante Fontán Lobe Bhi"",""Address"":{""Street"":""Calle Ongintza 0"",""City"":""Bermeo"",""State"":""Vizcaya"",""CountryOrRegion"":""ES"",""PostalCode"":""48370"",""Type"":""Unknown"",""IsInferred"":""False""},""Coordinates"":{""Latitude"":43.4217,""Longitude"":-2.72047}}","946.881.862","014601aa@hezkuntza.net",,,"[""Bermeo""]",,,,"Point (-2.72047 43.4217)","MARINA CIFUENTES GARCIA"
"Ayuntamiento de Ondarroa",,,,,,"https://www.ondarroa.eus/eu-ES/Orriak/default.aspx",,"[""Ondarroa""]","[""Institucion""]",,"Local",,"CESAR ENRIQUE PINARGOTE GAVILANES"
"Asociación de personas mayores- Gure Etxea ",,"[""Personas Mayores"",""Salud mental/Bienestar emocional""]",,"747.494.274",,,,"[""Galdakao""]","[""Asociación""]",,,,"PAULA GARCIA CRESPO"
"Asociación de personas mayores Elkartea ","Asociación de personas mayores que con la dinamización de una junta directiva realizan diferentes actividades como manualidades,gimnasia...","[""Salud comunitaria"",""Personas Mayores""]","{""EntityType"":""Custom"",""LocationUri"":null,""DisplayName"":""calle olabarrieta auzoa 21 "",""Address"":null,""Coordinates"":{""Latitude"":null,""Longitude"":null}}","944.406.191",,,,"[""Galdakao""]","[""Asociación""]",,"Local",,"PAULA GARCIA CRESPO"
"Ayuntamiento de lekeitio",,"[""Cultura, ocio y naturaleza""]","{""EntityType"":""LocalBusiness"",""LocationUri"":""https://www.bingapis.com/api/v6/localbusinesses/YN6306x520955839?setLang=es-ES"",""DisplayName"":""Ayuntamiento de Lekeitio"",""Address"":{""Street"":""Calle Gamarra, 1"",""City"":""Lekeitio"",""State"":""Vizcaya"",""CountryOrRegion"":""España"",""PostalCode"":""48280"",""Type"":""Unknown"",""IsInferred"":""False""},""Coordinates"":{""Latitude"":43.3639,""Longitude"":-2.5032}}","946.034.100"," udala@lekeitio.eus","https://www.lekeitio.com/es-ES/Servicios/Intervencion/Paginas/default.aspx",,"[""Lekeitio""]","[""Institucion""]",,"Local","Point (-2.5032 43.3639)","MARINA CIFUENTES GARCIA"
"LEKEITIOKO DEABRUAK ANTZERKI ELKARTEA","Adin tartea (nori zuzenduta): 18 urtetik aurrera, baina urte honetan Sierpe taldea sortu dugu: 8tik 18ra bitarteko gazteentzako
13 urtean kale antzerkian amateur 
bezala dabilen Antzerki Talde bat gara. Kalean egitea eta piroteknia erabiltzea dira gure antzerkiaren ezaugarri nagusienak. Ikuskizun ezberdinak, antzerkia eta piroteknia ustartuta.","[""Cultura, ocio y naturaleza""]",,"645.712.054","lekittokodeabruak@gmail.com",,,"[""Lekeitio""]","[""Asociación""]",,"Local",,"MARINA CIFUENTES GARCIA"
"LEKEITIO BEDARRA ORTULARIEN TALDEA","Ortugintzari buruz ikasi, jakintza 
konpartitu, auzolana praktikatu, belaunaldi desberdinekin 
sozializatu, euskara praktikatu, pertsonak integratu, ondo 
pasa..","[""Cultura, ocio y naturaleza""]",,,"lekitto.bedarra@gmail.com",,,"[""Lekeitio""]","[""Asociación""]",,"Local",,"MARINA CIFUENTES GARCIA"
"ETORKIZUNA DANTZA TALDEA","Ikasturtean zehar larunbatetan talde bakoitzak dantza entseguak izaten ditu, guk antolatutako dantza saio/erakustaldietan parte hartzeko. Horrez gain, inguruko herrietatik jasotako gonbidapenak izaten ditugu bertan dantza egiteko.
LH 1etik aurrerako adin tartea izatea.","[""Cultura, ocio y naturaleza""]",,,"etorkizunadantzataldea@gmail.com",,,"[""Lekeitio""]","[""Asociación""]",,"Local",,"MARINA CIFUENTES GARCIA"
"BURRUNDADA, LEKEITIOKO MUSIKA ELKARTEA","Herritarrentzako musika lokala 
daukagu, urtean behin kontzertuz osatutako egun oso bat antolatzen dugu gure musika herriarekin konpartitzeko eta plazaratzeko.","[""Cultura, ocio y naturaleza""]",,"615.762.835","lekeitiokomusikaelkartea@gmail.com",,,"[""Lekeitio""]","[""Asociación""]",,"Local",,"MARINA CIFUENTES GARCIA"
"LEKEITIOKO GAZTE ASANBLADA","Momentuko herri mailako arazoei 
erantzuten eta beste edozein herritako arazoen berri ematen 
duen eragile politikoa da, Gaztetxean antolatzen dena. Horrez gain, herritarrentzako aisialdi eskaintzak antolazen ditugu. Adin tartea (nori zuzendua): 16-24 gutxi gorabehera.","[""Juventud""]",,"647.247.435","lekittokogasanbladia@gmail.com",,,"[""Lekeitio""]","[""Asociación""]",,"Local",,"MARINA CIFUENTES GARCIA"
"LEKEITIOKO DENBORA BANKUA","zerbitzuak ezagutzak eta 
jarduerak trukatzeko sistema da Denboraren Bankua. Elkarri 
laguntzeko sarea. Lekeitioko herritarren denbora da trukatzen 
dena. Aldaketa hauek pertsonen araberakoak dira, eta oso 
jarduera anitzak trukatu daitezke, bazkideen zaletasunen eta 
premien araberakoak izanik. Helburuari dagokionez, herritarrei 
eguneroko bizitzan sortzen zaien arazo txikiak konpontzen 
laguntzea, eta elkartasunean eta elkar laguntzan oinarritutako 
gizarte sareak sortzea da","[""Cultura, ocio y naturaleza""]",,"648.511.741","denborabankualekeitio@gmail.com",,,"[""Lekeitio""]","[""Asociación""]",,,,"MARINA CIFUENTES GARCIA"
"ALTZA BURUA LEKITTO","Guraso talde bat gara, aspaldian 
mugikorraren erabilerarekin arduratuta. Gure helburua da 
haurrei mugikorra ematen zaion adina atzeratzea, eta behin 
emandakoan zentzuz erabiltzen irakastea. Bai guraso eta haurrak ere.","[""Actividad física""]",,"654.425.235","altzaburualekitto@gmail.com",,,"[""Lekeitio""]","[""Asociación""]",,"Local",,"MARINA CIFUENTES GARCIA"
"TXIMISTA ATLETISMO TALDEA","Astean zehar atletismo entrenamenduak egiten dira Lekeitioko atletismo pistan. Asteburuetan ordea, irteerak egiten dira herri desberdinetako 
topaketetara.","[""Actividad física""]",,,"kirola@tximista.net",,,"[""Lekeitio""]","[""Asociación""]",,"Local",,"MARINA CIFUENTES GARCIA"
"LEKEITIOKO URPEKO TALDEA","Irabazi asmorik gabeko kluba gara, gure helburua urpeko mundua gizarteari gerturatzea da: 
urperatze, ikastaro (CMAS-FEDAS), erakusketa, txapelketak eta natura babesteko ekimenak aurrera eramanez). ","[""Actividad física""]",,,"lekeitio.urpeko@gmail.com",,,"[""Lekeitio""]","[""Asociación""]",,"Local",,"MARINA CIFUENTES GARCIA"
"LEKEITIOKO MARIERROTA BOLEIBOL KIROL ELKARTEA","Boleibola.  10 urtetik aurrera.","[""Actividad física""]",,"615.724.816","marierrotabt@gmail.com",,,"[""Lekeitio""]","[""Asociación""]",,"Local",,"MARINA CIFUENTES GARCIA"
"LEKEITIOKO FUTBOL TALDEA"," Lekeitioko gazteak futbolean aritzea.","[""Actividad física""]",,,"lekeitio.futboltaldea@gmail.com",,,"[""Lekeitio""]","[""Asociación""]",,"Local",,"MARINA CIFUENTES GARCIA"
"LEKEITIOKO AKARREGI  PILOTA KIROL  ELKARTEA","Euskal Pilotaren sustapenerako 
kirol eta kultur jardueraldiak era ekimena aurrera eramaten ditugu.","[""Actividad física""]",,,"akarregipilota@gmail.com",,,"[""Lekeitio""]","[""Asociación""]",,"Local",,"MARINA CIFUENTES GARCIA"
"LEKEITIALDE SILLONIZ  TXIRRINDULARI  ELKARTEA"," Txirrindulari lasterketak antolatu. 15-22 urte bitartekoentza","[""Actividad física""]",,,"lekeitialde@gmail.com",,,"[""Lekeitio""]","[""Asociación""]",,"Local",,"MARINA CIFUENTES GARCIA"
"JOKIN ERDOZIA  XAKE KIROL  KLUBA","federazioko txapelketak, lagunarteko txapelketak 
eta erakustaldiak.","[""Actividad física""]",,,"jokinerdoziaxt@gmail.com",,,"[""Lekeitio""]","[""Asociación""]",,"Local",,"MARINA CIFUENTES GARCIA"
"ISUNTZA  ARRAUN ELKARTEA"," arrauna eta kirola bultzatzea","[""Actividad física""]",,"610.417.540","isuntza@isuntza.com",,,"[""Lekeitio""]","[""Asociación""]",,"Local",,"MARINA CIFUENTES GARCIA"
"GARRAITZ  KIROL TALDEA","Helburua edo deskribapena: kirola (igeriketa, triatloia,  duatloia) sustatzea. Berdintasunetik eta elkarlanetik…","[""Actividad física""]",,,,,,"[""Lekeitio""]","[""Asociación""]",,"Local",,"MARINA CIFUENTES GARCIA"
"ARTZABAL  SURF ELKARTEA","Hitzaldiak, irteerak, surf txapelketak, natura zaintzearekin zerikusia duten beste ekintza batzuk (hondartza garbiketa, deialdi zabala)","[""Actividad física""]",,,"artzabalsurfelkartea@gmail.com",,,"[""Lekeitio""]","[""Asociación""]",,"Local",,"MARINA CIFUENTES GARCIA"
"Amandarri triatloi taldea","Ekimenez sortutako taldea gara. Herritik eta herrirako lana egin behar dugula uste dugu, herriko proiektuetan parte hartuz eta ekintza desberdinak proposatuz.","[""Actividad física""]",,,"amandarri.triatloi.kluba@gmail.com",,,"[""Lekeitio""]","[""Asociación""]",,"Local",,"MARINA CIFUENTES GARCIA"
"Ispasterko Jai Batzordea","Comisión de fiestas de Ispaster.","[""Cultura, ocio y naturaleza""]",,"946.842.999","udala@ispaster.net",,,"[""Lekeitio""]","[""Institucion""]",,,,"MARINA CIFUENTES GARCIA"
"Ipargorri Kirol Elkartea","Hainbat kirol ekitaldi antolatzea
(batez ere txirrindulariritza).
- nazioarteko ziklo kross txapelketak, esku pilota txapelketa, otoio igoera, green series txapelketa.","[""Actividad física""]",,,"ipargorri@ispaster.net",,,"[""Lekeitio""]","[""Asociación""]",,"Local",,"MARINA CIFUENTES GARCIA"
"Asociación de personas mayores Elkarbizi ","Elevación del nivel moral, social, cultural y de convivencia de sus componentes.","[""Personas Mayores"",""Salud comunitaria""]","{""EntityType"":""Custom"",""LocationUri"":null,""DisplayName"":""urtebieta auzoa 6 48960"",""Address"":null,""Coordinates"":{""Latitude"":null,""Longitude"":null}}","944.662.588",,,"Asociación de personas mayores en las que con la dinamización de una junta directiva proponen y realizan actividades muy diversas como gimnasia, bailes, excursiones, manualidades, viajes, etc.","[""Galdakao""]","[""Asociación""]",,,,"PAULA GARCIA CRESPO"
"Guraso Topagunea ","espacio pensado para madres, padres y personas cuidadoras, donde compartir inquietudes, aprender en grupo y fortalecer los vínculos familiares.","[""Salud mental/Bienestar emocional"",""Formación"",""Otro"",""Mujeres"",""Hombres"",""Juventud""]",,"688.881.339","gurasotopagune@harribide.org","https://harribide.org/es/guraso-topagunea/","Actividades puntuales programadas","[""Etxebarri""]","[""Proyecto Comunitario""]",,"Local",,"PAULA GARCIA CRESPO"
"Talka - Mugarri ","espacio de tiempo libre educativo dirigido a la adolescencia y juventud de Etxebarri, donde se promueve el desarrollo integral, la participación activa y el acompañamiento personalizado en un entorno seguro, dinámico y enriquecedor.

El proyecto está pensado para jóvenes de 12 a 30 años, y combina el uso libre del Gaztegune con una programación participativa de actividades de tiempo libre educativo. Las propias personas jóvenes son quienes deciden, diseñan y gestionan muchas de estas actividades, convirtiéndose así en protagonistas activos de su propio desarrollo.","[""Juventud"",""Salud comunitaria"",""Salud mental/Bienestar emocional"",""Cultura, ocio y naturaleza""]","{""EntityType"":""Custom"",""LocationUri"":null,""DisplayName"":""San Esteban Hiribidea, 18, 48450 Etxebarri, Bizkaia"",""Address"":null,""Coordinates"":{""Latitude"":null,""Longitude"":null}}","688.881.337","mugarrietxebarri@gmail.com","https://harribide.org/es/talka-gaztegunea/"," Lunes-jueves: 16:00-20:00
Viernes: 16:00-21:30
Sábado: 17:00 – 21:00
Domingo: 17:00-20:00
(de lunes a viernes la primera hora es la hora de estudio)","[""Etxebarri""]","[""Proyecto Comunitario""]",,"Local",,"PAULA GARCIA CRESPO"
"Oinarrizko Lanbide Heziketako Institutua – OLHUI Bermeo","Metalezko Elementuen Fabrikazioa- Soladura- Galdaragitza
Sukaldaritza eta Jatetxe- arloa eta
Ibilgailuen mantentze lanak- elektromekanika","[""Infancia"",""Juventud""]","{""EntityType"":""Custom"",""LocationUri"":null,""DisplayName"":""ATALDE 8"",""Address"":null,""Coordinates"":{""Latitude"":null,""Longitude"":null}}","946.179.175","lanbidehastapena@bermeo.eus",,,"[""Bermeo""]",,,,,"MARINA CIFUENTES GARCIA"
"ERABIDE EMAKUME ELKARTEA ","Fomentar el desarrollo de las mujeres desde una perspectiva de genero en los diferentes ámbitos de la vida, tanto en el ámbito personal, profesional, familiar como de ocio. 
Disponen de las siguientes actividades:
(sevillanas, club de lectura, fit flamc, baile en linea, chi-kung, brecha digital, escritura creativa, labores, patchwork, marcha nordica..)","[""Mujeres"",""Salud comunitaria""]","{""EntityType"":""Custom"",""LocationUri"":null,""DisplayName"":""Casa de Cultura Torrezabal "",""Address"":null,""Coordinates"":{""Latitude"":null,""Longitude"":null}}","675.708.032","info@erabide.org ","https://www.erabide.org","Para inscribirse: 
1. ponerse en contacto con el teléfono o correo
2. acudir a torrezabal kultur etxea lunes de 17.00 a 19.00
3. Rellenar el impreso de inscripcion
4. Cuota anual (10 euros)
5. Elige tus actividades ","[""Galdakao""]","[""Asociación""]",,,,"PAULA GARCIA CRESPO"
"Ayuntamiento de Lekeitio",,"[""Otro""]","{""EntityType"":""PostalAddress"",""LocationUri"":""https://www.bingapis.com/api/v6/geoentities?streetaddress=Gamarra+Kalea%2c+1&locality=Lekeitio&subregion=Vizcaya&region=Pa%c3%ads+Vasco+%2f+Euskadi&postalcode=48280&country=Espa%c3%b1a&setLang=es-ES%2ces-es&count=1"",""DisplayName"":""Gamarra Kalea, 1"",""Address"":{""Street"":""Gamarra Kalea, 1"",""City"":""Lekeitio"",""State"":""País Vasco / Euskadi"",""CountryOrRegion"":""España"",""PostalCode"":""48280"",""Type"":""Unknown"",""IsInferred"":""False""},""Coordinates"":{""Latitude"":null,""Longitude"":null}}","946.034.100","udala@lekeitio.eus","https://www.lekeitio.com/es-ES/Paginas/default.aspx",,"[""Lekeitio""]","[""Institucion""]",,"Local",,"MARINA CIFUENTES GARCIA"
"MONTORRE",,,"{""EntityType"":""PostalAddress"",""LocationUri"":""https://www.bingapis.com/api/v6/geoentities?streetaddress=Barrio+Mendialdua%2c+1&locality=Gauteguiz+de+Arteaga&subregion=Vizcaya&region=Pa%c3%ads+Vasco+%2f+Euskadi&postalcode=48314&country=Espa%c3%b1a&setLang=es-ES%2ces-es&count=1"",""DisplayName"":""Barrio Mendialdua, 1"",""Address"":{""Street"":""Barrio Mendialdua, 1"",""City"":""Gauteguiz de Arteaga"",""State"":""País Vasco / Euskadi"",""CountryOrRegion"":""España"",""PostalCode"":""48314"",""Type"":""Unknown"",""IsInferred"":""False""},""Coordinates"":{""Latitude"":null,""Longitude"":null}}","944.287.902","014284aa@hezkuntza.net",,,"[""Gernikaldea""]",,,,,"MARINA CIFUENTES GARCIA"
"JOSE M. UCELAY",,,"{""EntityType"":""Custom"",""LocationUri"":null,""DisplayName"":""ALTAMIRA 37"",""Address"":null,""Coordinates"":{""Latitude"":null,""Longitude"":null}}","944.287.901","014230aa@hezkuntza.net",,,"[""Gernikaldea""]",,,,,"MARINA CIFUENTES GARCIA"
"MUNITIBAR",,,"{""EntityType"":""Custom"",""LocationUri"":null,""DisplayName"":""HERRIKO PL. 7"",""Address"":null,""Coordinates"":{""Latitude"":null,""Longitude"":null}}","946.165.300","014025aa@hezkuntza.net",,,"[""Gernikaldea""]",,,,,"MARINA CIFUENTES GARCIA"
"Bizi igorren ","identificar características y claves necesarias para que igorre sea un municipio amigable con las personas mayores y en consecuencia con todas las personas y así crear propuestas innovadoras e inclusivas ","[""Salud mental/Bienestar emocional"",""Salud comunitaria""]","{""EntityType"":""Custom"",""LocationUri"":null,""DisplayName"":""igorreko kultur etxea"",""Address"":null,""Coordinates"":{""Latitude"":null,""Longitude"":null}}","605.720.404","garazi@maraka.co",,,"[""Arratia""]","[""Proyecto Comunitario""]",,,,"PAULA GARCIA CRESPO"
"Eginaren Eginez. Asoc. de personas con discapacidad física de Álava","Accesibilidad y diseño universal.
Promoción y atención a la salud.
Crecimiento personal – ocio y tiempo
libre.
Contactos con el colectivo.
Educación, formación y empleo.
Participación en la comunidad–
incidencia política.
Documentación, investigación y estudios.
Interseccionalidad: espacio rural,
migrantes, lgtb+.
Mujer.
Sexualidad y afectividad.
Infancia y juventud.
Comunicación y concienciación.
Proactivación social-trabajo en red.","[""Personas en riesgo de exclusión social"",""Personas cuidadoras""]","{""EntityType"":""Custom"",""LocationUri"":null,""DisplayName"":""C/ Viña Vieja 6, bajo Llodio"",""Address"":null,""Coordinates"":{""Latitude"":null,""Longitude"":null}}","945.225.516","info@eginez.org","https://www.eginez.org/","La organización ofrece los siguientes servicios:
Trabajo Social.
Asesoría Jurídica.
Productos de apoyo.","[""Aiara"",""Llodio""]","[""Asociación""]",,"Provincial",,"ANDREA ALVAREZ MARTINEZ"
"Cruz Roja Álava","Inclusión social: apoyo a personas en riesgo de exclusión.
Empleo: acceso al mercado laboral para colectivos vulnerables.
Juventud: programas de participación y cambio social juvenil.
Emergencias: respuesta y prevención en situaciones de crisis en Álava.
Medio ambiente: protección ambiental como vía de justicia social.
Educación: mejora del bienestar e igualdad a través de la formación.
Formación: desarrollo de competencias para el cambio social.","[""Personas cuidadoras"",""Población general""]","{""EntityType"":""Custom"",""LocationUri"":null,""DisplayName"":""C/ Pintor Jose Arrue, 8 Llodio"",""Address"":null,""Coordinates"":{""Latitude"":null,""Longitude"":null}}","945.393.188","rebeca.berenguer@cruzroja.es","https://www2.cruzroja.es/","
Entre sus servicios más destacados figuran:
Atención urgente a las necesidades básicas.
Atención a personas sin hogar.
Acompañamiento educativo y de ocio en la infancia.
Acompañamiento a personas mayores (citas, gestiones, soledad no deseada, ocio y
socialización).
Orientación laboral y capacitación para el empleo.
Ahorro energético.
Orientación jurídica a personas inmigrantes.
Cobertura sanitaria preventiva.
Campañas de sensibilización.
Teleasistencia.
Préstamo de productos de apoyo.","[""Aiara"",""Llodio""]","[""Asociación""]",,"Provincial",,"ANDREA ALVAREZ MARTINEZ"
"CONTRA EL CÁNCER ÁLAVA",,"[""Salud mental/Bienestar emocional"",""Personas cuidadoras"",""Enfermedades crónicas""]","{""EntityType"":""Custom"",""LocationUri"":null,""DisplayName"":""Plaza Porticada 1, 01015, Vitoria Gasteiz (Álava) "",""Address"":null,""Coordinates"":{""Latitude"":null,""Longitude"":null}}","945.263.297",,"https://www.contraelcancer.es/es",,"[""Aiara"",""Llodio""]","[""Asociación""]",,"Provincial",,"ANDREA ALVAREZ MARTINEZ"
"Cáritas Diocesana de Vitoria","Intervención (Llodio, Amurrio y Orduña): acogida, escucha y orientación sobre recursos a
personas en situación de vulnerabilidad social.
Mujer (Llodio): espacios de encuentro y participación, actividades de sensibilización.
Infancia (Llodio): apoyo al Estudio, ayuda para la prevención del fracaso escolar.
Formación (Llodio, Amurrio y Orduña): clases de castellano, preparación exámen nacionalidad,
conversación estructurada. Curso básico de Hostelería.
Empleo (Llodio, Amurrio y Orduña): orientación e intermediación laboral en servicio doméstico y
talleres prelaborales de huertas ( Amurrio y Orduña)","[""Personas en riesgo de exclusión social"",""Formación"",""Ocupación/inserción laboral""]","{""EntityType"":""Custom"",""LocationUri"":null,""DisplayName"":""Plaza Alberto Acero, 2, 1ºB Llodio"",""Address"":null,""Coordinates"":{""Latitude"":null,""Longitude"":null}}","688.805.119","caiala@caritasvitoria.org","https://www.caritasvitoria.org/","Entre los servicios que ofrece la organización, destacan:
Tienda Espacio con Corazón.
Horario: Martes, miércoles, jueves y viernes de 11:00 a 13:30
Lunes de 17:00 a 19.30
Bolsa de trabajo en servicio doméstico, cuidado de niñas y niños, cuidado de personas
mayores…
Entrega de enseres de 2ª mano, carritos de bebé, menaje de cocina…","[""Aiara"",""Llodio""]","[""Asociación""]",,"Provincial",,"ANDREA ALVAREZ MARTINEZ"
"Batekin Agencia de voluntariado y participación social de Álava","La Agencia es un proyecto de la asociación Sartu-Álava.
Tiene como objetivo es fomentar y fortalecer la acción voluntaria para promover una mejor
calidad de vida, mayor cohesión social y justicia como expresión de ciudadanía activa
organizada.
Para ello:
Ofrece servicios gratuitos y de calidad a personas voluntarias, a quienes desean
iniciarse en el voluntariado y a entidades sin ánimo de lucro de Álava que desarrollen
programas de voluntariado.
Desarrolla acciones educativas desde Educación Primaria hasta Universidad para
sensibilizar y activar a los y las jóvenes hacia la solidaridad y participación social.
Como miembro del Consejo Vasco de Voluntariado, actúa como nexo entre la Estrategia
Vasca del Voluntariado y la realidad asociativa y comunitaria del territorio,
colaborando con las otras dos Agencias de Voluntariado Vascas en acciones como la
SKVL (Escuela Vasca de Voluntariado).","[""Salud comunitaria"",""Otro""]","{""EntityType"":""Custom"",""LocationUri"":null,""DisplayName"":""c/ de Landa 8, Amurrio"",""Address"":null,""Coordinates"":{""Latitude"":null,""Longitude"":null}}","688.763.095","aupa@batekin,org","https://batekin.org/","Actividades en centros educativos Actividades
La agencia dispone de 2 programas en la zona:
Begiraldatu: educación en valores para jóvenes (15+),
centrado en participación social, asociacionismo y
voluntariado.
También es tu pueblo: fomenta la participación social del
alumnado (5ºEP-2ºESO) desde su entorno cercano,
combinando reflexión y acción con agentes sociales de la
zona.","[""Aiara"",""Llodio""]","[""Proyecto Comunitario""]",,,,"ANDREA ALVAREZ MARTINEZ"
"Asasam","Asociacion ayalesa de personas y familiares con enfermedad mental","[""Personas en riesgo de exclusión social"",""Salud mental/Bienestar emocional"",""Personas cuidadoras""]","{""EntityType"":""PostalAddress"",""LocationUri"":""https://www.bingapis.com/api/v6/geoentities?streetaddress=Calle+de+las+Tres+Cruces%2c+5&locality=Llodio&subregion=%c3%81lava&region=Pa%c3%ads+Vasco+%2f+Euskadi&postalcode=01400&country=Espa%c3%b1a&setLang=es-ES%2ces-es&count=1"",""DisplayName"":""Calle de las Tres Cruces, 5"",""Address"":{""Street"":""Calle de las Tres Cruces, 5"",""City"":""Llodio"",""State"":""País Vasco / Euskadi"",""CountryOrRegion"":""España"",""PostalCode"":""01400"",""Type"":""Unknown"",""IsInferred"":""False""},""Coordinates"":{""Latitude"":null,""Longitude"":null}}","944.034.690","info@asasam.org","https://www.asasam.org/",,"[""Aiara"",""Llodio""]","[""Asociación""]",,"Local",,"ANDREA ALVAREZ MARTINEZ"
"Apdema","Asoc. a favor de las personas con discapacidad intelectual de Álava","[""Personas en riesgo de exclusión social"",""Salud mental/Bienestar emocional""]","{""EntityType"":""Custom"",""LocationUri"":null,""DisplayName"":""landaburu 15, Amurrio"",""Address"":null,""Coordinates"":{""Latitude"":null,""Longitude"":null}}","688.851.375","responsableocio@apdema.org","https://www.apdema.org/","La asociación ofrece servicios de ocio y tiempo libre de calidad.
Dispone de varias viviendas destinadas a personas con discapacidad intelectual
supervisadas por profesionales los 365 días del año.
Ofrece talleres culturales y diversas actividades durante toda la semana y los fines de
semana.
Hay hogares de vida independiente en Vitoria-Gasteiz y Llodio que se supervisan con
personal profesional:
Apoyo logístico y asesoramiento a familias.
Apoyo psicológico a usuarios y familias.
Atención temprana.
Servicio de participación social","[""Aiara"",""Llodio""]","[""Asociación""]",,,,"ANDREA ALVAREZ MARTINEZ"
"Apafai","Asociación de personas con Autismo y familias de Ayala","[""Infancia"",""Salud mental/Bienestar emocional"",""Personas en riesgo de exclusión social""]","{""EntityType"":""Custom"",""LocationUri"":null,""DisplayName"":""Avenida Aiara 7-9, Amurrio"",""Address"":null,""Coordinates"":{""Latitude"":null,""Longitude"":null}}","614.649.376","apafai.3a@gmail.com","https://www.facebook.com/apafai/","Tiene servicios como los siguientes:
Ocio
Atención terapéutica
Refuerzo educativo
Escuela de familias","[""Aiara""]","[""Asociación""]",,"Local",,"ANDREA ALVAREZ MARTINEZ"
"Adsis"," talleres de sensibilización dirigidos a alumnado a partir de 3º de la ESO.crea espacios donde la juventud puede imaginar y proponer actividades vinculadas a la interculturalidad, promoviendo una conciencia crítica orientada a la transformación social.","[""Juventud""]","{""EntityType"":""PostalAddress"",""LocationUri"":""https://www.bingapis.com/api/v6/geoentities?streetaddress=Calle+Pintorer%c3%ada%2c+27&locality=Vitoria-Gasteiz&subregion=%c3%81lava&region=Pa%c3%ads+Vasco+%2f+Euskadi&postalcode=01001&country=Espa%c3%b1a&setLang=es-ES%2ces-es&count=1"",""DisplayName"":""Calle Pintorería, 27"",""Address"":{""Street"":""Calle Pintorería, 27"",""City"":""Vitoria-Gasteiz"",""State"":""País Vasco / Euskadi"",""CountryOrRegion"":""España"",""PostalCode"":""01001"",""Type"":""Unknown"",""IsInferred"":""False""},""Coordinates"":{""Latitude"":null,""Longitude"":null}}","680.259.929","jaione.martinez@fundacionadsis.org ","https://www.fundacionadsis.org/es/araba",,"[""Aiara"",""Llodio""]","[""Asociación""]",,"Provincial",,"ANDREA ALVAREZ MARTINEZ"
"Ayuntamiento de Galdakao - Igualdad","Desde el área de igualdad existen cursos, talleres y jornadas. 
Existe el III Plan para Igualdad de Mujeres y Hombres ","[""Mujeres""]","{""EntityType"":""Custom"",""LocationUri"":null,""DisplayName"":""torrezabal kultur etxea"",""Address"":null,""Coordinates"":{""Latitude"":null,""Longitude"":null}}","944.010.528",,"https://www.galdakao.eus/planes-igualdad",,"[""Galdakao""]","[""Institucion""]",,"Local",,"PAULA GARCIA CRESPO"
"Colegio de Abogadas y Abogados de Álava",,,,,,,,"[""Aiara"",""Llodio""]",,,,,"ANDREA ALVAREZ MARTINEZ"
"Ayuntamiento Vitoria-Gasteiz",,,,,,,,"[""Aiara"",""Llodio""]",,,,,"ANDREA ALVAREZ MARTINEZ"
"Diputación Foral de Álava",,,,,,,,"[""Aiara"",""Llodio""]","[""Institucion""]",,,,"ANDREA ALVAREZ MARTINEZ"
"Itaia emakumeon antolakunde sozialista","Organización socialista de mujeres.
Itaia rechaza el feminismo al considerarlo un movimiento que opera dentro del capitalismo y el liberalismo, y apuesta por el comunismo para acabar con la opresión de las mujeres","[""Mujeres""]",,,,,,"[""Bermeo""]","[""Asociación""]",,"Local",,"MARINA CIFUENTES GARCIA"
"Erroxape emakumeen elkartea","Asociación de mujeres mayores de Bermeo","[""Mujeres""]","{""EntityType"":""Custom"",""LocationUri"":null,""DisplayName"":""Erreten Lameran z/g  PK 115"",""Address"":null,""Coordinates"":{""Latitude"":null,""Longitude"":null}}",,"erroxape@gmail.com",,,"[""Bermeo""]","[""Asociación""]",,"Local",,"MARINA CIFUENTES GARCIA"
"Assalam","Asociación de mujeres marroquíes de Bermeo","[""Mujeres""]",,,,,,"[""Bermeo""]","[""Asociación""]",,"Local",,"MARINA CIFUENTES GARCIA"
"DIAMOU, emakume Senegaldarren elkartea","Ascociación de mujeres senegalesas de Bermeo","[""Mujeres""]",,,,,,"[""Bermeo""]","[""Asociación""]",,"Local",,"MARINA CIFUENTES GARCIA"
"Bermeoko Mugimendu Feminista",,"[""Mujeres""]","{""EntityType"":""Custom"",""LocationUri"":null,""DisplayName"":""Iraskintza, 14-16"",""Address"":null,""Coordinates"":{""Latitude"":null,""Longitude"":null}}",,"bermeokomf@gmail.com",,,"[""Bermeo""]","[""Asociación""]",,"Local",,"MARINA CIFUENTES GARCIA"
"Lagunbarri ","Lagunbarri es un programa dirigido a personas mayores de 65 años de Etxebarri, cuyo objetivo es facilitar su integración en la comunidad y recuperar o mantener su vida social, cultural y de ocio. Está especialmente diseñado para personas que viven solas y se enfrentan a desafíos relacionados con la soledad no deseada, inseguridad para salir solas o necesitan retomar su relación social con actividades ya existentes.","[""Salud mental/Bienestar emocional"",""Salud comunitaria"",""Personas Mayores""]",,,"lagunbarri@harribide.org","https://harribide.org/es/lagunbarri/","Las actividades del programa incluyen:
– Paseos y salidas a espacios exteriores
– Acompañamiento en grupo para actividades de ocio (asociaciones, centro de jubilados, talleres…)
– Acompañamiento individual activo dentro del domicilio: lectura de libros, juegos de mesa, visionado de películas, escucha de música, conversación…","[""Etxebarri""]","[""Proyecto Comunitario""]",,"Local",,"PAULA GARCIA CRESPO"
"Ayuntamiento de Bermeo - Servicio de asesoramiento en prevención de adicciones","Martes, miércoles y jueves. Se trata de un servicio de información, asesoramiento y orientación para las familias. Gratuito y confidencial.","[""Juventud"",""Adicciones"",""Población general""]","{""EntityType"":""LocalBusiness"",""LocationUri"":""https://www.bingapis.com/api/v6/localbusinesses/YN6306x4510110892258357394?setLang=es-ES"",""DisplayName"":""Centro Cultural Echea"",""Address"":{""Street"":""Calle Irakaskintza, S/n"",""City"":""Bermeo"",""State"":""Vizcaya"",""CountryOrRegion"":""España"",""PostalCode"":""48370"",""Type"":""Unknown"",""IsInferred"":""False""},""Coordinates"":{""Latitude"":43.4212,""Longitude"":-2.72268}}","675.025.018","bermeoprebentzioa@etorkintza.org",,,"[""Bermeo""]","[""Institucion""]",,"Local","Point (-2.72268 43.4212)","MARINA CIFUENTES GARCIA"
"LEMOAKO HAURRESKOLA",,,,"946.312.108","lemoa.lemoa@haurreskolak.eus",,,"[""Arratia""]",,,,,"CESAR ENRIQUE PINARGOTE GAVILANES"
"Inurtxi","Asociación de mujeres
Sensibilizar en temas de género y de conciencia de una misma. Acoger y derivar a las mujeres que acudan a pedir información. Gestionar el tiempo libre de las mujeres. Participar en la red municipal de asociaciones.","[""Mujeres"",""Salud mental/Bienestar emocional"",""Población general"",""Salud comunitaria""]",,"636.895.743","inurtxi@gmail.com",,,"[""Etxebarri""]","[""Asociación""]",,"Local",,"PAULA GARCIA CRESPO"
"Izaro sub taldea",,"[""Actividad física""]","{""EntityType"":""PostalAddress"",""LocationUri"":""https://www.bingapis.com/api/v6/geoentities?streetaddress=Kai+Bidea&locality=Bermeo&subregion=Vizcaya&region=Pa%c3%ads+Vasco+%2f+Euskadi&postalcode=48370&country=Espa%c3%b1a&setLang=es-ES%2ces-es&count=1"",""DisplayName"":""Kai Bidea"",""Address"":{""Street"":""Kai Bidea"",""City"":""Bermeo"",""State"":""País Vasco / Euskadi"",""CountryOrRegion"":""España"",""PostalCode"":""48370"",""Type"":""Unknown"",""IsInferred"":""False""},""Coordinates"":{""Latitude"":null,""Longitude"":null}}","630.433.498",,,,"[""Bermeo""]","[""Asociación""]",,"Local",,"MARINA CIFUENTES GARCIA"
"Club de Kickboxing","Actividad Arte marcial que desarrolla y mejora la coordinación, flexibilidad y el equilibrio. Con valores altamente educativos y formativos donde l@s practicantes desarrollan su personalidad desde edades tempranas. Reafirmación del autocontrol, constancia y espíritu de sacrificio.","[""Actividad física""]",,"946.179.180",,,,"[""Bermeo""]","[""Asociación""]",,"Local",,"MARINA CIFUENTES GARCIA"
"Club de Atletismo Taraska",,"[""Actividad física""]","{""EntityType"":""Custom"",""LocationUri"":null,""DisplayName"":""Arene Auzoa, z/g"",""Address"":null,""Coordinates"":{""Latitude"":null,""Longitude"":null}}",,,,,"[""Bermeo""]","[""Asociación""]",,"Local",,"MARINA CIFUENTES GARCIA"
"Bermeo Fútbol Club",,"[""Actividad física""]","{""EntityType"":""Custom"",""LocationUri"":null,""DisplayName"":""Camino Matxitxako  “Campo Itxas Gane”"",""Address"":null,""Coordinates"":{""Latitude"":null,""Longitude"":null}}","946.186.134","bermeofutboltaldea@hotmail.com","https://www.bermeofutboltaldea.com/",,"[""Bermeo""]","[""Asociación""]",,"Local",,"MARINA CIFUENTES GARCIA"
"Club de Ciclismo","Fundado el 31/07/1950 . Ciclismo.","[""Actividad física""]","{""EntityType"":""PostalAddress"",""LocationUri"":""https://www.bingapis.com/api/v6/geoentities?streetaddress=Calle+de+Erre%c3%b1e+Zubi%2c+20&locality=Bermeo&subregion=Vizcaya&region=Pa%c3%ads+Vasco+%2f+Euskadi&postalcode=48370&country=Espa%c3%b1a&setLang=es-ES%2ces-es&count=1"",""DisplayName"":""Calle de Erreñe Zubi, 20"",""Address"":{""Street"":""Calle de Erreñe Zubi, 20"",""City"":""Bermeo"",""State"":""País Vasco / Euskadi"",""CountryOrRegion"":""España"",""PostalCode"":""48370"",""Type"":""Unknown"",""IsInferred"":""False""},""Coordinates"":{""Latitude"":null,""Longitude"":null}}","658.729.739",,,,"[""Bermeo""]","[""Asociación""]",,"Local",,"MARINA CIFUENTES GARCIA"
"Club de Triatlon Aritzatxu","Triatlón","[""Actividad física""]",,"946.179.180","triaritzatxu@yahoo.es","http://aritzatxu.blogspot.com ",,"[""Bermeo""]","[""Asociación""]",,"Local",,"MARINA CIFUENTES GARCIA"
"Urdaibai Remo","Remo","[""Actividad física""]","{""EntityType"":""Custom"",""LocationUri"":null,""DisplayName"":""Matxikorta s/n"",""Address"":null,""Coordinates"":{""Latitude"":null,""Longitude"":null}}","946.885.349",,,,"[""Bermeo""]","[""Asociación""]",,"Local",,"MARINA CIFUENTES GARCIA"
"Bermeoko Arraun Elkartea","Remo","[""Actividad física""]","{""EntityType"":""Custom"",""LocationUri"":null,""DisplayName"":""Matxikorta s/n"",""Address"":null,""Coordinates"":{""Latitude"":null,""Longitude"":null}}","946.885.349",,,,"[""Bermeo""]","[""Asociación""]",,"Local",,"MARINA CIFUENTES GARCIA"
"Arkuzko Tiroaren  Bermeoko Elkartea",,"[""Actividad física""]","{""EntityType"":""Custom"",""LocationUri"":null,""DisplayName"":""Arene Auzoa, z/g"",""Address"":null,""Coordinates"":{""Latitude"":null,""Longitude"":null}}","946.187.568",,,,"[""Bermeo""]","[""Asociación""]",,"Local",,"MARINA CIFUENTES GARCIA"
"Bermeoko Saskibaloi Taldea","Baloncesto","[""Actividad física""]",,"946.179.180",,,,"[""Bermeo""]","[""Asociación""]",,"Local",,"MARINA CIFUENTES GARCIA"
"Sociedad de Caza, Pesca y Tiro de Bermeo","Fundado el 4 de Julio de 1974. 
Caza, Pesca y tiro","[""Actividad física""]",,"607.307.260","bermeo_ehiza@yahoo.es",,,"[""Bermeo""]","[""Asociación""]",,"Local",,"MARINA CIFUENTES GARCIA"
"Artza Bermeo","Pelota vasca","[""Actividad física""]","{""EntityType"":""Custom"",""LocationUri"":null,""DisplayName"":""Frontón Municipal de Bermeo"",""Address"":null,""Coordinates"":{""Latitude"":null,""Longitude"":null}}","653.721.392",,,,"[""Bermeo""]","[""Asociación""]",,,,"MARINA CIFUENTES GARCIA"
"Sollube 707 Bermeoko M.T.","Montañismo","[""Actividad física""]",,"676.620.195","info@sollube707.com","https://www.sollube707.com/","de 8 y media a 9 y media los jueves","[""Bermeo""]","[""Asociación""]",,,,"MARINA CIFUENTES GARCIA"
"Judo Club Bermeo","Judo","[""Actividad física""]",,"619.215.891",,,,"[""Bermeo""]","[""Asociación""]",,"Local",,"MARINA CIFUENTES GARCIA"
"Bermeoko H.K. Zalea","	Deportes rurales","[""Actividad física""]",,,,,,"[""Bermeo""]","[""Asociación""]",,"Local",,"MARINA CIFUENTES GARCIA"
"Xixili Taldea","Actividad físico-deportiva para niñas en la que se realizan ejercicios gimnásicos con diferentes apartados ( aros, pelota, maza, cinta,...) unidos a la música. Al objetivo es el desarrollo de la agilidad, coordinación, flexibilidad, sentido del ritmo y gracia en los movimientos.","[""Actividad física""]",,"946.179.180",,,,"[""Bermeo""]","[""Asociación""]",,"Local",,"MARINA CIFUENTES GARCIA"
"Urdaibai E.T","Balonmano","[""Actividad física""]","{""EntityType"":""Custom"",""LocationUri"":null,""DisplayName"":""Arene Auzoa z/g   (Olazabal Emp. 1B - Mundaka)"",""Address"":null,""Coordinates"":{""Latitude"":null,""Longitude"":null}}","649.013.976",,,,"[""Bermeo""]","[""Asociación""]",,"Local",,"MARINA CIFUENTES GARCIA"
"Club Bermeo Karate","Fundado en 1997. Actividad físico-deportiva en la que se inicia en el aprendizaje y desarrollo de la técnica de dicho arte marcial (ataque y defensa con piernas y piños) además de mejorar y desarrollar la condición física en general y un mayor autocontrol de la persona.","[""Actividad física""]","{""EntityType"":""PostalAddress"",""LocationUri"":""https://www.bingapis.com/api/v6/geoentities?streetaddress=Arene+Auzoa&locality=Arene&subregion=Vizcaya&region=Pa%c3%ads+Vasco+%2f+Euskadi&postalcode=48498&country=Espa%c3%b1a&setLang=es-ES%2ces-es&count=1"",""DisplayName"":""Arene Auzoa"",""Address"":{""Street"":""Arene Auzoa"",""City"":""Arene"",""State"":""País Vasco / Euskadi"",""CountryOrRegion"":""España"",""PostalCode"":""48498"",""Type"":""Unknown"",""IsInferred"":""False""},""Coordinates"":{""Latitude"":null,""Longitude"":null}}","946.179.180",,,,"[""Bermeo""]","[""Asociación""]",,"Local",,"MARINA CIFUENTES GARCIA"
"Muviment lemoa ","Los lunes por la mañana realizan una caminata saludable con la orientadora de actividad física en Lemoa. 
Los miércoles por la tarde en el gimnasio clase dirigida. ","[""Salud mental/Bienestar emocional"",""Actividad física"",""Personas Mayores""]",,,,,,"[""Arratia""]","[""Proyecto Comunitario""]",,"Local",,"PAULA GARCIA CRESPO"
"Proyecto batera ","Acompañamiento emocional a los jóvenes mayores de 12 años, sobre inquietudes emocionales y afectivo sexuales,  Tienen canal de whatsapp 
y atención presencial en Torrezabal Kultur Etxea  ","[""Juventud""]","{""EntityType"":""Custom"",""LocationUri"":null,""DisplayName"":""torrezabal kultur etxea"",""Address"":null,""Coordinates"":{""Latitude"":null,""Longitude"":null}}","747.480.472",,,"Para la atención presencial, las personas de entre 12 y 17 años pueden acceder al servicio cada quince días en los Topagunes de Aperribai, Plazakoetxe e Indarra, mientras que a partir de los 18 años la atención se ofrece los lunes y martes en la primera planta de Torrezabal Kultur Etxea. Para la atención presencial, es necesario solicitar cita previa, a través del teléfono 747 480 472, del correo electrónico batera@galdakao.eus, o presencialmente en Torrezabal Kultur Etxea, espacios en los que también se puede ampliar la información sobre el servicio.

","[""Galdakao""]","[""Proyecto Comunitario""]",,"Local",,"PAULA GARCIA CRESPO"
"Kukuaren Taldeak ","Espacio dirigido a niños entre 6-7 años hasta los 18 años. Todos los viernes tienen encuentros, al final del curso campamento, y realizan salidas durante el curso. 
Las familias pagan una pequeña cuota anual. 
Relación con Tarrasta Gaztegune de 9 a 11 años
y con Talka mugarri de 12 a 30 años
","[""Infancia"",""Juventud"",""Salud mental/Bienestar emocional""]","{""EntityType"":""Custom"",""LocationUri"":null,""DisplayName"":""Acceso a la iglesia 2"",""Address"":null,""Coordinates"":{""Latitude"":null,""Longitude"":null}}","656.703.422","info@comunidades.org.es",,,"[""Etxebarri""]","[""Proyecto Comunitario""]",,"Local",,"PAULA GARCIA CRESPO"
"HARREBIDE FUNDAZIOA","es una entidad comprometida con el desarrollo comunitario en Etxebarri. Nuestra labor abarca ámbitos como la infancia, adolescencia, juventud, personas jóvenes migradas, personas en situación de exclusión, personas mayores y familias. 
Fundación que lleva proyectos como partekatu, tarrasta, kukuaren taldeak ","[""Infancia"",""Juventud"",""Mujeres"",""Hombres"",""Personas Mayores"",""Personas en riesgo de exclusión social"",""Salud mental/Bienestar emocional"",""Personas migrantes"",""Ocupación/inserción laboral""]",,"944.261.861","info@harribide.org","https://harribide.org/es/inicio-4/","Lunes a jueves : 09:00 – 16:00
Viernes : 09:00-14:00","[""Etxebarri""]","[""Asociación""]",,"Local",,"PAULA GARCIA CRESPO"
"Tarrasta","espacio de encuentro y crecimiento para chicas y chicos de 5º y 6º de primaria (9 a 11 años), donde, a través del tiempo libre educativo y la educación no formal, se acompaña su desarrollo personal y colectivo de manera integral.","[""Juventud""]","{""EntityType"":""Custom"",""LocationUri"":null,""DisplayName"":""Avenida San Antonio 21 (Entrada por Marivi Iturbe) Etxebarri Bizkaia"",""Address"":null,""Coordinates"":{""Latitude"":null,""Longitude"":null}}","688.881.338","tarrasta@tarrasta.net",,"Lunes, martes, jueves: 16:30-19:30
Miércoles 15:00-19:00
Viernes 16:30 – 20:30
Sábado y domingo: 17:00-20:00","[""Etxebarri""]","[""Proyecto Comunitario""]",,"Local",,"PAULA GARCIA CRESPO"
"Partekatu ","Actividades dirigidas a personas mayores de 60 años, programación mensual, con talleres, charlas, encuentros intergeneracionales..","[""Personas Mayores""]",,"747.498.524","partekatu@harribide.org ",,"El proyecto está dirigido principalmente a personas mayores de 60 años empadronadas en Etxebarri, pero también incluye a todas aquellas personas y entidades que trabajan con este colectivo, así como a personas de cualquier edad interesadas en formar parte de esta red de cuidados comunitarios.","[""Etxebarri""]","[""Proyecto Comunitario""]",,"Local",,"PAULA GARCIA CRESPO"
"Galdakao TEAyuda ","Asociación que trabaja en la inclusión de personas con TEA (trastorno del espectro autista) principalmente en Galdakao,  puntualmente han contactado personas de basauri, igorre…  ","[""Infancia"",""Juventud""]","{""EntityType"":""Custom"",""LocationUri"":null,""DisplayName"":""calle gaztain 4 "",""Address"":null,""Coordinates"":{""Latitude"":null,""Longitude"":null}}","663.187.181"," infogaldakaoteayuda@gmail.com  ",,"Realizan talleres y salidas con niños con TEA, tienen un banco de materiales terapéutico que se pueden alquilar. ","[""Galdakao"",""Etxebarri"",""Arratia"",""Basauri Ariz""]","[""Asociación""]",,"Local",,"PAULA GARCIA CRESPO"
"Farmamundi","En Farmamundi desarrollamos proyectos de Cooperación y Acción Humanitaria en países en vías de desarrollo en cualquier parte del mundo y realizamos campañas de Sensibilización y de Educación en España para concienciar a la población sobre la necesidad de garantizar el acceso a los medicamentos a quienes más lo necesitan y, en general, asegurar la salud universal.","[""Población general"",""Salud comunitaria""]",,"946.401.160",,"https://farmaceuticosmundi.org/",,"[""Galdakao""]","[""Institucion""]",,,,"PAULA GARCIA CRESPO"
"BASAURIKO HAURRESKOLA-ETXEKO KUTTUNA",,,,"944.666.228","kuttuna.basauri@haurreskolak.eus",,,"[""Basauri Ariz"",""Basauri Kareaga""]",,,,,"LAURA MARTIN SANCHEZ"
"BASAURIKO HAURRESKOLA-ETXEKO SEINE",,,,"944.409.264","seine.basauri@haurreskolak.eus",,,"[""Basauri Ariz"",""Basauri Kareaga""]",,,,,"LAURA MARTIN SANCHEZ"
"TXANOGORRITXU BASAURI",,,,"680.138.542","basauri@haurreskolatxanogorritxu.com",,,"[""Basauri Ariz"",""Basauri Kareaga""]",,,,,"LAURA MARTIN SANCHEZ"
"MUSIKA ESKOLA BASAURI",,,,"944.020.259","musikaeskola@basauri.eus",,,"[""Basauri Ariz"",""Basauri Kareaga""]",,,,,"LAURA MARTIN SANCHEZ"
"BASAURI",,,,"944.287.939","015638aa@hezkuntza.net",,,"[""Basauri Ariz"",""Basauri Kareaga""]",,,,,"LAURA MARTIN SANCHEZ"
"BASOZELAI-GAZTELU",,,,"944.288.065","014922aa@hezkuntza.net",,,"[""Basauri Kareaga""]",,,,,"LAURA MARTIN SANCHEZ"
"COOPERATIVA BASAURI",,,,"944.492.038","colegiobasauri@colegiobasauri.net",,,"[""Basauri Kareaga""]",,,,,"LAURA MARTIN SANCHEZ"
"SOFÍA TARAMONA",,,,"944.494.592","014080aa@hezkuntza.net",,,"[""Basauri Kareaga""]",,,,,"LAURA MARTIN SANCHEZ"
"Cruz roja- Gurutze Gorria ","Organización benéfica, Con amplia gama de servicios,  proyectos como inclusión de personas inmigrantes, programas de soledad no deseada","[""Mujeres"",""Personas Mayores"",""Personas en riesgo de exclusión social"",""Salud mental/Bienestar emocional"",""Población general""]","{""EntityType"":""Custom"",""LocationUri"":null,""DisplayName"":""BARRIO OLABARRI 11"",""Address"":null,""Coordinates"":{""Latitude"":null,""Longitude"":null}}","946.736.262",,"https://www2.cruzroja.es/web/cruzroja/detalle-centro/-/centro/15150","Referente de grupos Rosa, tiene dos grupos: 
- Martes grupo de 14 personas de edad avanzada 
- Viernes cada 15 días, Soledad no deseada, personas mayores 
1 vez al mes al monte, o actividad cultural ","[""Arratia""]","[""Institucion""]",,"Local",,"PAULA GARCIA CRESPO"
"Asociación de mujeres ERLANTZA BERDINTASUN ELKARTEA ","Desarrollo de las mujeres en diferentes ámbitos de la vida: personal, sexual, familiar, educativo, cultural, laboral, etc., posibilitando actitudes, hábitos y comportamientos de automejora y crecimiento personal. Ofrecer programas de formación, autoayuda, culturales, de ocio y tiempo libre, así como programas relacionados con la salud mental y emocional, teniendo en cuenta sus referentes afectivos y familiares. - Fomentar la integración de mujeres inmigrantes y/o pertenecientes a grupos marginados en situación de precariedad o riesgo de exclusión social. Crear una red de apoyo entre mujeres y de crecimiento personal, para llevar a cabo iniciativas y acciones para mejorar la calidad de vida en el entorno en el que se desenvuelven. Desarrollar la sororidad y empoderar a las mujeres en la autogestión de sus vidas, de su salud y sus relaciones","[""Mujeres"",""Salud mental/Bienestar emocional""]","{""EntityType"":""Custom"",""LocationUri"":null,""DisplayName"":""Juan Sebastian Elkano 34 5 drcha"",""Address"":null,""Coordinates"":{""Latitude"":null,""Longitude"":null}}",,"erlantzaberdintasuna@gmail.com ",," los martes se reúnen en la casa de Kultura Torrezabal, una persona dinamiza el grupo con  finalidad de aumentar los comportamientos de automejora y crecimiento personal, programas relacionados con la salud mental y emocional. ","[""Galdakao""]","[""Asociación""]",,,,"PAULA GARCIA CRESPO"
"Asociación de personas mayores Etxea Anaitasuna","Organizar el ocio y tiempo libre para las personas mayores. Elevar el nivel social, cultural y de convivencia de sus componentes, así como de las personas del entorno.","[""Salud comunitaria"",""Personas Mayores""]","{""EntityType"":""Custom"",""LocationUri"":null,""DisplayName"":""Iberluze, 1 A"",""Address"":null,""Coordinates"":{""Latitude"":null,""Longitude"":null}}","944.666.182","etxeaanaitasuna@yahoo.es",,,"[""Galdakao""]","[""Asociación""]",,"Local",,"PAULA GARCIA CRESPO"
"Asociación de personas mayores Danok Aurrera ","Asociación que lleva a cabo actividades dirigidas a personas mayores","[""Salud comunitaria"",""Personas Mayores""]","{""EntityType"":""Custom"",""LocationUri"":null,""DisplayName"":""Aperribai Bidea, 2 bajo"",""Address"":null,""Coordinates"":{""Latitude"":null,""Longitude"":null}}","669.690.497",,,,"[""Galdakao""]","[""Asociación""]",,"Local",,"PAULA GARCIA CRESPO"
"LAMUZA",,,"{""EntityType"":""LocalBusiness"",""LocationUri"":""https://www.bingapis.com/api/v6/localbusinesses/YN6306x9815276604897749222?setLang=es-ES"",""DisplayName"":""CEIP Lamuza HLHI"",""Address"":{""Street"":""Granjabide, 3"",""City"":""Llodio"",""State"":""Álava"",""CountryOrRegion"":""ES"",""PostalCode"":""01400"",""Type"":""Unknown"",""IsInferred"":""False""},""Coordinates"":{""Latitude"":43.1456,""Longitude"":-2.9644}}","945.187.214","010338aa@hezkuntza.net",,,,,,,"Point (-2.9644 43.1456)","ANDREA ALVAREZ MARTINEZ"
"Ayuntamiento de Bermeo - Social",,"[""Población general""]","{""EntityType"":""LocalBusiness"",""LocationUri"":""https://www.bingapis.com/api/v6/localbusinesses/YN6306x17075146790053956637?setLang=es-ES"",""DisplayName"":""AYUNTAMIENTO DE BERMEO"",""Address"":{""Street"":""CALLE IRAKASKINTZA, A"",""City"":""Bermeo"",""State"":""Vizcaya"",""CountryOrRegion"":""España"",""PostalCode"":""48370"",""Type"":""Unknown"",""IsInferred"":""False""},""Coordinates"":{""Latitude"":43.4213,""Longitude"":-2.72206}}","946.179.100",,"https://www.bermeo.eus/index.html?L=2",,"[""Bermeo""]","[""Institucion""]",,"Local","Point (-2.72206 43.4213)","ALICIA RODRIGUEZ SANCHEZ"
"Ayuntamiento de Bermeo - Juventud",,"[""Juventud""]","{""EntityType"":""LocalBusiness"",""LocationUri"":""https://www.bingapis.com/api/v6/localbusinesses/YN6306x17075146790053956637?setLang=es-ES"",""DisplayName"":""AYUNTAMIENTO DE BERMEO"",""Address"":{""Street"":""CALLE IRAKASKINTZA, A"",""City"":""Bermeo"",""State"":""Vizcaya"",""CountryOrRegion"":""España"",""PostalCode"":""48370"",""Type"":""Unknown"",""IsInferred"":""False""},""Coordinates"":{""Latitude"":43.4213,""Longitude"":-2.72206}}","946.179.100","antolakuntza@bermeo.eus","https://www.bermeo.eus/index.html?L=2",,"[""Bermeo""]","[""Institucion""]",,"Local","Point (-2.72206 43.4213)","ALICIA RODRIGUEZ SANCHEZ"
"Cruz Roja de Bermeo",,"[""Personas Mayores"",""Personas en riesgo de exclusión social"",""Salud mental/Bienestar emocional"",""Población general"",""Personas migrantes"",""Formación"",""Salud comunitaria"",""Adicciones""]","{""EntityType"":""Custom"",""LocationUri"":null,""DisplayName"":""C/ Muelle Kai Bidea-Erroxape Kaia, s/n - BAJO, 48370"",""Address"":null,""Coordinates"":{""Latitude"":null,""Longitude"":null}}","946.883.568",,"https://www2.cruzroja.es/",,"[""Bermeo""]","[""Institucion""]",,"Local",,"ALICIA RODRIGUEZ SANCHEZ"
"Asociación de Mujeres MADALEN","Asociación de mujeres de Arrigorriaga que promueve su participación activa en la sociedad.","[""Mujeres""]","{""EntityType"":""Custom"",""LocationUri"":null,""DisplayName"":""Lonbo Aretoa"",""Address"":null,""Coordinates"":{""Latitude"":null,""Longitude"":null}}","619.303.489",,,,"[""Arrigorriaga""]","[""Asociación""]",,"Local",,"LAURA MARTIN SANCHEZ"
"ArrigoKorrika","Grupo de mujeres corredoras de Arrigorriaga que promueve la práctica del running como actividad saludable, inclusiva y comunitaria, especialmente entre mujeres de distintas edades.

Cuota anual 30 euros.","[""Actividad física"",""Mujeres""]",,,,,"ENTRENAMIENTOS
- Grupo iniciación: martes y jueves de 18:30 a 19:30h.
- Grupo perfeccionamiento: martes y jueves de 19:30 a 20:30h.
- Si empiezas de cero: los miércoles de 18 a 19h.","[""Arrigorriaga""]","[""Asociación""]",,"Provincial",,"LAURA MARTIN SANCHEZ"
"Ayuntamiento de Bermeo - Cultura",,"[""Cultura, ocio y naturaleza""]","{""EntityType"":""LocalBusiness"",""LocationUri"":""https://www.bingapis.com/api/v6/localbusinesses/YN6306x529191027?setLang=es-ES"",""DisplayName"":""Ayuntamiento de Bermeo"",""Address"":{""Street"":""Pl. Arana Goiri tar Sabinen, 1"",""City"":""Bermeo"",""State"":""Vizcaya"",""CountryOrRegion"":""España"",""PostalCode"":""48370"",""Type"":""Unknown"",""IsInferred"":""False""},""Coordinates"":{""Latitude"":43.4203,""Longitude"":-2.72295}}","946.179.100",,"https://www.bermeo.eus/index.html?L=2",,"[""Bermeo""]","[""Institucion""]",,"Local","Point (-2.72295 43.4203)","MARINA CIFUENTES GARCIA"
"Lamiaena","Casa de las Mujeres","[""Mujeres""]","{""EntityType"":""Custom"",""LocationUri"":null,""DisplayName"":""Urgoiti Pasalekua 8"",""Address"":null,""Coordinates"":{""Latitude"":null,""Longitude"":null}}","747.444.898","lamiaena@arrigorriaga.eus​","https://www.arrigorriaga.eus/es-ES/Atuservicio/Igualdad/Paginas/lamiaena.aspx",,"[""Arrigorriaga""]","[""Institucion""]",,,,"LAURA MARTIN SANCHEZ"
"Ayuntamiento de Arrigorriaga",,"[""Población general""]","{""EntityType"":""Custom"",""LocationUri"":null,""DisplayName"":""Paseo Urgoiti Kalea 57"",""Address"":null,""Coordinates"":{""Latitude"":null,""Longitude"":null}}","944.020.200","haz-sac@arrigorriaga.eus","https://www.arrigorriaga.eus/es-es/Paginas/default.aspx",,"[""Arrigorriaga""]","[""Institucion""]",,"Local",,"LAURA MARTIN SANCHEZ"
"Ayuntamiento Llodio",,"[""Población general""]",,"944.034.800",,"https://www.laudio.eus/",,"[""Llodio""]","[""Institucion""]",,"Local",,"ANDREA ALVAREZ MARTINEZ"
"Radio Llodio","Ayuda a difundir la información","[""Población general""]",,"682.822.043","informativos_llodio@yahoo.es","https://radiollodio.com/category/noticias/",,"[""Aiara"",""Llodio""]","[""Institucion""]",,"Local",,"ANDREA ALVAREZ MARTINEZ"
"Aiaraldea kooperativa","Ámbitos de actuación: acción social, promoción del euskera, cultura, ocio, igualdad de
género y soberanía alimentaria",,"{""EntityType"":""Custom"",""LocationUri"":null,""DisplayName"":""Errotari kalea, Pab. 4-8, Llodio"",""Address"":null,""Coordinates"":{""Latitude"":null,""Longitude"":null}}","688.625.366","kudeaketa@aiaraldea.eus","http://www.faktoria.eus",,"[""Llodio""]",,,"Local",,"ANDREA ALVAREZ MARTINEZ"
"Afaraba","El programa AUPA se desarrolla en distintas cuadrillas de Álava y llegará a Amurrio en
2025. Su objetivo es la detección precoz de deterioro cognitivo o demencia y la mejora del
rendimiento cerebral en personas del medio rural, mediante talleres de 10 sesiones
impartidas por profesionales.","[""Personas Mayores"",""Enfermedades crónicas"",""Salud mental/Bienestar emocional""]","{""EntityType"":""Custom"",""LocationUri"":null,""DisplayName"":""Avda. Budapest 29, bajo bis Vitoria-Gasteiz"",""Address"":null,""Coordinates"":{""Latitude"":null,""Longitude"":null}}","945.246.004","contacto@afaraba.org","http://www.afaraba.org",,"[""Aiara""]","[""Asociación""]",,"Provincial",,"ANDREA ALVAREZ MARTINEZ"
"Etxebarriko ludoteak ","espacio diseñado para el juego y el aprendizaje de niños y niñas y donde se ofrecen actividades lúdicas y educativas para estimular la creatividad, la imaginación y el desarrollo integral de los niños y niñas.","[""Infancia""]","{""EntityType"":""Custom"",""LocationUri"":null,""DisplayName"":""metakal kalea "",""Address"":null,""Coordinates"":{""Latitude"":null,""Longitude"":null}}","747.414.518","ludoteka@harribide.org ",,"Hay otra ludoteca en san antonio :
andaluzia kalea 3","[""Etxebarri""]","[""Institucion""]",,"Local",,"PAULA GARCIA CRESPO"
"Hogar del Jubilado Bekoa ","espacio de reunión de personas de edad avanzada ","[""Salud comunitaria"",""Personas Mayores""]","{""EntityType"":""Custom"",""LocationUri"":null,""DisplayName"":""Calle Antonio Epalza 3 Bajo"",""Address"":null,""Coordinates"":{""Latitude"":null,""Longitude"":null}}","944.494.712",,,,"[""Etxebarri""]","[""Asociación""]",,"Local",,"PAULA GARCIA CRESPO"
"Hogar del Jubilado Goikoa ","espacio de reunión ","[""Personas Mayores"",""Salud comunitaria""]","{""EntityType"":""Custom"",""LocationUri"":null,""DisplayName"":""Calle Santa Marina 11"",""Address"":null,""Coordinates"":{""Latitude"":null,""Longitude"":null}}","944.494.600","etxebarribekoa@gmail.com ",,"Fundamentalmente estrechar los lazos de amistad, entre las personas que se encuentren en situación de jubilados y pensionistas, ayudarse mutuamente y contribuir a las mejoras sociales, artísticas y recreativas que las instituciones ponen a nuestro alcance, tanto en nuestros locales como fuera de ellos","[""Etxebarri""]","[""Asociación""]",,"Local",,"PAULA GARCIA CRESPO"
"Galdakaoko Triatloi Taldea",,"[""Juventud"",""Cultura, ocio y naturaleza""]",,,,"https://www.instagram.com/triathlongaldakao/?hl=en","Galdakaoko triatloi taldea duela urte batzuk sortu zen talde herrikoi gisa, eta gaur egun 50 partaide dituen talde bat da","[""Galdakao""]","[""Asociación""]",,,,"PAULA GARCIA CRESPO"
"Berde bizi ",,"[""Juventud""]",,,,,"Jóvenes que cuidan el medio ambiente ",,"[""Asociación""]",,,,"PAULA GARCIA CRESPO"
"LANBIDE EKIMENAK FP GERNIKA",,,"{""EntityType"":null,""LocationUri"":null,""DisplayName"":""Alhondiga, 6B Gernika"",""Address"":null,""Coordinates"":{""Latitude"":null,""Longitude"":null}}","946.255.758","zuzendari@lanbide-ekimenak.eus",,,"[""Gernika""]",,,,,"MARINA CIFUENTES GARCIA"
"LA MILAGROSA",,,"{""EntityType"":""LocalBusiness"",""LocationUri"":""https://www.bingapis.com/api/v6/localbusinesses/YN6306x14725306379350402754?setLang=es-ES"",""DisplayName"":""Colegio La Milagrosa Ikastetxea"",""Address"":{""Street"":""Lezeagabide 2"",""City"":""Llodio"",""State"":""Álava"",""CountryOrRegion"":""ES"",""PostalCode"":""01400"",""Type"":""Unknown"",""IsInferred"":""False""},""Coordinates"":{""Latitude"":43.1473,""Longitude"":-2.9677}}","946.720.701","idazkaritza@lamilagrosalaudio.eus","https://osakidetza-my.sharepoint.com/?login_hint=marina%2Ecifuentesgarcia%40osakidetza%2Eeus&source=waffle",,"[""Llodio""]",,,,"Point (-2.9677 43.1473)","ANDREA ALVAREZ MARTINEZ"
"Consejo de Personas Mayores","Actividades dedicadas a la 3ª edad","[""Personas Mayores""]","{""EntityType"":""Custom"",""LocationUri"":null,""DisplayName"":""Intxaurdio Kalea, 2"",""Address"":null,""Coordinates"":{""Latitude"":null,""Longitude"":null}}","945.891.161",,"https://udala.amurrio.eus/cas/servicios/personas-mayores/consejo-sectorial-de-personas-mayores",,"[""Aiara""]",,,"Local",,"ANDREA ALVAREZ MARTINEZ"
"Mancomunidad de Lea-Artibai","Servicios Sociales de Base con acceso a: Servicios sociales para personas mayores, ayuda a domicilio, familia y menores, familias cuidadoras, educación callejera a los jóvenes, tramitaciones, prestaciones económicas y técnicas.
Además, iniciativas en el p","[""Población general""]","{""EntityType"":""LocalBusiness"",""LocationUri"":""https://www.bingapis.com/api/v6/localbusinesses/YN6306x14272652905713528768?setLang=es-ES"",""DisplayName"":""Patrokua Jauregia"",""Address"":{""Street"":""13,Avenida De Xemein"",""City"":""Markina-Xemein"",""State"":""Vizcaya"",""CountryOrRegion"":""ES"",""PostalCode"":""48270"",""Type"":""Unknown"",""IsInferred"":""False""},""Coordinates"":{""Latitude"":43.2673,""Longitude"":-2.49477}}","946.169.068","mankomunitatea@lea-artibai.org","https://www.lea-artibai.org/eu-ES/Orriak/default.aspx",,"[""Markina"",""Ondarroa"",""Lekeitio"",""Gernikaldea""]","[""Institucion""]",,"Local","Point (-2.49477 43.2673)","CESAR ENRIQUE PINARGOTE GAVILANES"
"Ursula Donea","Asociación de mayores de Mañaria","[""Personas Mayores""]","{""EntityType"":""PostalAddress"",""LocationUri"":""https://www.bingapis.com/api/v6/geoentities?streetaddress=Calle+de+Andra+Mari%2c+1&locality=Ma%c3%b1aria&subregion=Vizcaya&region=Pa%c3%ads+Vasco+%2f+Euskadi&postalcode=48212&country=Espa%c3%b1a&setLang=es-ES%2ces-es&count=1"",""DisplayName"":""Calle de Andra Mari, 1"",""Address"":{""Street"":""Calle de Andra Mari, 1"",""City"":""Mañaria"",""State"":""País Vasco / Euskadi"",""CountryOrRegion"":""España"",""PostalCode"":""48212"",""Type"":""Unknown"",""IsInferred"":""False""},""Coordinates"":{""Latitude"":null,""Longitude"":null}}","946.811.235",,"https://www.xn--maaria-xwa.eus/es-ES/ciudadania/Asociaciones/Paginas/UrsulaDonea.aspx",,"[""Durango""]","[""Asociación""]",,"Local",,"CESAR ENRIQUE PINARGOTE GAVILANES"
"KARMENGO AMA",,,"{""EntityType"":""LocalBusiness"",""LocationUri"":""https://www.bingapis.com/api/v6/localbusinesses/YN6306x15380001028289281464?setLang=es-ES"",""DisplayName"":""KARMENGO AMA"",""Address"":{""Street"":""Calle de Sabino Arana 24"",""City"":""Amorebieta-Etxano"",""State"":""Vizcaya"",""CountryOrRegion"":""España"",""PostalCode"":""48340"",""Type"":""Unknown"",""IsInferred"":""False""},""Coordinates"":{""Latitude"":43.2183,""Longitude"":-2.73595}}","946.730.935","cmtkarmengo@karmengoama.eus; cmtidazkaritza@karmengoama.eus","https://www.karmengoama.eus/",,"[""Amorebieta""]",,,,"Point (-2.73595 43.2183)","CESAR ENRIQUE PINARGOTE GAVILANES"
"LARREA",,,"{""EntityType"":""LocalBusiness"",""LocationUri"":""https://www.bingapis.com/api/v6/localbusinesses/YN6306x13904643764962110456?setLang=es-ES"",""DisplayName"":""Colegio Larrea Eskola"",""Address"":{""Street"":""Lugar Barrio Larra, 12t, 48340, Bizkaia, Spain"",""City"":""Amorebieta-Etxano"",""State"":""País Vasco"",""CountryOrRegion"":""España"",""PostalCode"":""48340"",""Type"":""Unknown"",""IsInferred"":""False""},""Coordinates"":{""Latitude"":43.2281,""Longitude"":-2.73747}}","946.730.430","014920aa@hezkuntza.net","https://amorebietalarrea.hezkuntza.net/es/",,"[""Amorebieta""]",,,,"Point (-2.73747 43.2281)","CESAR ENRIQUE PINARGOTE GAVILANES"
"Asociación Aurreraka","Asociación de mujeres de Amurrio","[""Mujeres""]","{""EntityType"":""Custom"",""LocationUri"":null,""DisplayName"":""Landako 8, Amurrio"",""Address"":null,""Coordinates"":{""Latitude"":null,""Longitude"":null}}","688.716.252","amaurreraka@gmail.com",,,"[""Aiara""]","[""Asociación""]",,"Local",,"ANDREA ALVAREZ MARTINEZ"
"Ayuntamiento Galdakao - Personas mayores ","lunes, miércoles y viernes de 10:00 a 13:30 horas; jueves de 16:00 a 18:00 horas","[""Personas Mayores"",""Personas cuidadoras""]","{""EntityType"":""Custom"",""LocationUri"":null,""DisplayName"":""pontxi zabala 3A"",""Address"":null,""Coordinates"":{""Latitude"":null,""Longitude"":null}}","944.010.545",,"https://www.galdakao.eus/personas-mayores",,"[""Galdakao""]","[""Institucion""]",,"Local",,"MARINA CIFUENTES GARCIA"
"Ayuntamiento Galdakao - Movilidad y Transporte",,"[""Otro""]","{""EntityType"":""LocalBusiness"",""LocationUri"":""https://www.bingapis.com/api/v6/localbusinesses/YN6306x520667340?setLang=es-ES"",""DisplayName"":""Ayuntamiento de Galdakao"",""Address"":{""Street"":""Calle Torreondo 0"",""City"":""Usansolo"",""State"":""Vizcaya"",""CountryOrRegion"":""España"",""PostalCode"":""48960"",""Type"":""Unknown"",""IsInferred"":""False""},""Coordinates"":{""Latitude"":43.2311,""Longitude"":-2.84003}}","944.010.590",,"https://www.galdakao.eus/movilidad-transporte",,"[""Galdakao""]","[""Institucion""]",,"Local","Point (-2.84003 43.2311)","MARINA CIFUENTES GARCIA"
"Ayuntamiento Galdakao - Deportes ",,"[""Actividad física"",""Población general""]","{""EntityType"":""LocalBusiness"",""LocationUri"":""https://www.bingapis.com/api/v6/localbusinesses/YN6306x13523564981112296948?setLang=es-ES"",""DisplayName"":""Torrezabal Kultur Etxea"",""Address"":{""Street"":""Calle De Euskadi, S/n"",""City"":""Galdakao"",""State"":""Vizcaya"",""CountryOrRegion"":""España"",""PostalCode"":""48960"",""Type"":""Unknown"",""IsInferred"":""False""},""Coordinates"":{""Latitude"":43.2298,""Longitude"":-2.84421}}","944.010.572",,"https://www.galdakao.eus/oferta-deportiva",,"[""Galdakao""]","[""Institucion""]",,"Local","Point (-2.84421 43.2298)","MARINA CIFUENTES GARCIA"
"Ayuntamineto Galdakao - Servicio de Euskera",,"[""Población general"",""Formación""]","{""EntityType"":""Custom"",""LocationUri"":null,""DisplayName"":""muguru kalea 6-1"",""Address"":null,""Coordinates"":{""Latitude"":null,""Longitude"":null}}","944.566.174",,"https://www.galdakao.eus/euskaltegi-municipal",,"[""Galdakao""]","[""Institucion""]",,"Local",,"MARINA CIFUENTES GARCIA"
"Ayuntamiento Galdakao - Participación Ciudadano","De lunes a viernes de 9:00 a 13:30 horas","[""Población general"",""Cultura, ocio y naturaleza"",""Salud comunitaria""]","{""EntityType"":""LocalBusiness"",""LocationUri"":""https://www.bingapis.com/api/v6/localbusinesses/YN6306x520667340?setLang=es-ES"",""DisplayName"":""Ayuntamiento de Galdakao"",""Address"":{""Street"":""Calle Torreondo 0"",""City"":""Usansolo"",""State"":""Vizcaya"",""CountryOrRegion"":""España"",""PostalCode"":""48960"",""Type"":""Unknown"",""IsInferred"":""False""},""Coordinates"":{""Latitude"":43.2311,""Longitude"":-2.84003}}","944.010.583",,"https://www.galdakao.eus/participacion-ciudadana","Localización: Ayuntamiento Galdakao 1ª planta","[""Galdakao""]","[""Institucion""]",,"Local","Point (-2.84003 43.2311)","MARINA CIFUENTES GARCIA"
"Ayuntamiento Galdakao - Urbanismo",,"[""Otro""]","{""EntityType"":""LocalBusiness"",""LocationUri"":""https://www.bingapis.com/api/v6/localbusinesses/YN6306x520667340?setLang=es-ES"",""DisplayName"":""Ayuntamiento de Galdakao"",""Address"":{""Street"":""Calle Torreondo 0"",""City"":""Usansolo"",""State"":""Vizcaya"",""CountryOrRegion"":""España"",""PostalCode"":""48960"",""Type"":""Unknown"",""IsInferred"":""False""},""Coordinates"":{""Latitude"":43.2311,""Longitude"":-2.84003}}","944.010.566",,"https://www.galdakao.eus/urbanismo-obras","944010590 (control y disciplina urbanistica) 
Localización: Ayuntamiento Galdakao 2ª planta","[""Galdakao""]","[""Institucion""]",,"Local","Point (-2.84003 43.2311)","MARINA CIFUENTES GARCIA"
"Ayuntamiento Galdakao - Educación",,"[""Cultura, ocio y naturaleza"",""Juventud"",""Población general""]","{""EntityType"":""LocalBusiness"",""LocationUri"":""https://www.bingapis.com/api/v6/localbusinesses/YN6306x13523564981112296948?setLang=es-ES"",""DisplayName"":""Torrezabal Kultur Etxea"",""Address"":{""Street"":""Calle De Euskadi, S/n"",""City"":""Galdakao"",""State"":""Vizcaya"",""CountryOrRegion"":""España"",""PostalCode"":""48960"",""Type"":""Unknown"",""IsInferred"":""False""},""Coordinates"":{""Latitude"":43.2298,""Longitude"":-2.84421}}",,,"https://www.galdakao.eus/programas-educacion",,"[""Galdakao""]","[""Institucion""]",,"Local","Point (-2.84421 43.2298)","MARINA CIFUENTES GARCIA"
"Ayuntamiento Galdakao - Cultura ",,"[""Cultura, ocio y naturaleza""]","{""EntityType"":""LocalBusiness"",""LocationUri"":""https://www.bingapis.com/api/v6/localbusinesses/YN6306x13523564981112296948?setLang=es-ES"",""DisplayName"":""Torrezabal Kultur Etxea"",""Address"":{""Street"":""Calle De Euskadi, S/n"",""City"":""Galdakao"",""State"":""Vizcaya"",""CountryOrRegion"":""España"",""PostalCode"":""48960"",""Type"":""Unknown"",""IsInferred"":""False""},""Coordinates"":{""Latitude"":43.2298,""Longitude"":-2.84421}}",,,"https://www.galdakao.eus/cultura",,"[""Galdakao""]","[""Institucion""]",,"Local","Point (-2.84421 43.2298)","MARINA CIFUENTES GARCIA"
"Asociación Kuéntame","Nos preocupamos especialmente por las personas que bien por estar en un país que no es el suyo, o por motivo de su edad, se encuentran en una situación vulnerable o en riesgo de aislamiento social.  ","[""Mujeres""]","{""EntityType"":""Custom"",""LocationUri"":null,""DisplayName"":""C/ Las escuelas n.º 9, bajo. 01001 Vitoria/Gasteiz"",""Address"":null,""Coordinates"":{""Latitude"":null,""Longitude"":null}}","649.468.699",,,,"[""Llodio""]","[""Asociación""]",,"Provincial",,"ANDREA ALVAREZ MARTINEZ"
"Ayuntamiento de Llodio","Gestión municipio","[""Otro""]","{""EntityType"":""Custom"",""LocationUri"":null,""DisplayName"":""Herriko plaza s/n Llodio"",""Address"":null,""Coordinates"":{""Latitude"":null,""Longitude"":null}}","944.034.800","alkatetza@laudiokoudala.net","https://www.laudio.eus",,"[""Llodio""]","[""Institucion""]",,"Local",,"ANDREA ALVAREZ MARTINEZ"
"Ayuntamiento de Basauri",,"[""Población general""]","{""EntityType"":""LocalBusiness"",""LocationUri"":""https://www.bingapis.com/api/v6/localbusinesses/YN6306x10712061826205946419?setLang=es-ES"",""DisplayName"":""Ayuntamiento de Basauri"",""Address"":{""Street"":""Calle Kareaga Goikoa, 52"",""City"":""Basauri"",""State"":""Vizcaya"",""CountryOrRegion"":""España"",""PostalCode"":""48970"",""Type"":""Unknown"",""IsInferred"":""False""},""Coordinates"":{""Latitude"":43.2354,""Longitude"":-2.89151}}","944.666.300","haz@basauri.eus","https://www.basauri.eus/es","Actualmente tengo contacto con Ana Badiola (programa Zainduz) y con Nuria Girón y Amaia Beitia (mesa intersectorial de VG).","[""Basauri Ariz"",""Basauri Kareaga""]","[""Institucion""]",,"Local","Point (-2.89151 43.2354)","LAURA MARTIN SANCHEZ"
"Ayuntamiento de llodio- Participación ciudadana","Gestiona y promueve la participación ciudadna en el municipio","[""Población general""]","{""EntityType"":""Custom"",""LocationUri"":null,""DisplayName"":""Plaza Herriko s/n, Llodio"",""Address"":null,""Coordinates"":{""Latitude"":null,""Longitude"":null}}","944.034.480","i.sanchez@laudio.eus","https://www.laudio.eus/es/ciudadania/participacion-ciudadana/portal-de-participacion-ciudadana",,"[""Llodio""]","[""Institucion""]",,"Local",,"ANDREA ALVAREZ MARTINEZ"
"Ayuntamiento de Llodio- Igualdad","Gestiona Bibliotecas, Cultura y Deporte en el municipioPublicita periódicamente actividades relacionadas en este ámbitoTiene actividad a través del canal de Whatasapp y Redes Sociales","[""Mujeres"",""Salud sexual y reproductiva"",""Población general""]","{""EntityType"":""LocalBusiness"",""LocationUri"":""https://www.bingapis.com/api/v6/localbusinesses/YN6306x521628027?setLang=es-ES"",""DisplayName"":""Ayuntamiento de Llodio Oficina de Bienestar Social"",""Address"":{""Street"":""Plaza Herriko 9"",""City"":""Llodio"",""State"":""Álava"",""CountryOrRegion"":""España"",""PostalCode"":""01400"",""Type"":""Unknown"",""IsInferred"":""False""},""Coordinates"":{""Latitude"":43.1432,""Longitude"":-2.96274}}","944.034.480","audio@laudio.eus","https://www.laudio.eus/es/servicios/servicio-de-igualdad",,"[""Llodio""]","[""Institucion""]",,"Local","Point (-2.96274 43.1432)","ANDREA ALVAREZ MARTINEZ"
"Ayuntamiento de Llodio- Adicciones","Gestiona todas las actividades e iniciativas relacionadas con las adicciones en el municipio de Llodio","[""Adicciones""]","{""EntityType"":""Custom"",""LocationUri"":null,""DisplayName"":""Plaza Herriko s/n, 01400, Llodio (Álava)"",""Address"":null,""Coordinates"":{""Latitude"":null,""Longitude"":null}}","944.034.480","audio@laudio.eus","https://www.laudio.eus/es/servicios/servicio-de-prevencion-de-las-adicciones",,"[""Llodio""]","[""Institucion""]",,"Local",,"ANDREA ALVAREZ MARTINEZ"
"Zainduz","El programa Zainduz en Basauri es una iniciativa impulsada por la Diputación Foral de Bizkaia y el Ayuntamiento de Basauri, orientada a apoyar a las personas cuidadoras de personas mayores dependientes, especialmente en el entorno familiar.","[""Personas cuidadoras"",""Población general"",""Formación""]",,,,,"En colaboración con Jon (fisio AP).","[""Basauri Ariz"",""Basauri Kareaga""]","[""Institucion""]",,"Local",,"LAURA MARTIN SANCHEZ"
"Marienea",,"[""Mujeres"",""Salud sexual y reproductiva"",""Género e identidad""]","{""EntityType"":""Custom"",""LocationUri"":null,""DisplayName"":""Kareaga Goikoa 54"",""Address"":null,""Coordinates"":{""Latitude"":null,""Longitude"":null}}","946.124.100","marienea@basauri.eus","https://berdintasuna.basauri.eus/es/","Cuenta con:
- Área de Igualdad del ayuntamiento.
- Centro de información a mujeres.
- Espacio Equitruke.
- Programa 1era 2kain.
- Escuela de empoderamiento.
- Oficina de información sexual.


","[""Basauri Ariz"",""Basauri Kareaga""]","[""Institucion""]",,"Local",,"LAURA MARTIN SANCHEZ"
"LAIA LAUDIO","Actividades para mujeres de todo tipo.
Empoderamiento de la mujeres.
 escuela de empoderamiento de Llodio para el curso 2024-2025! Este proyecto, impulsado por el Servicio de Gobernanza Feminista de Llodio y enmarcado dentro de la red territorial de LAIA","[""Mujeres""]","{""EntityType"":""Custom"",""LocationUri"":null,""DisplayName"":""Lamuza 17 bajo llodio"",""Address"":null,""Coordinates"":{""Latitude"":null,""Longitude"":null}}","688.785.779","laialaudio@laudio.eus","https://www.laudio.eus/es/laia-laudio-2024",,"[""Llodio""]","[""Asociación""]",,"Local",,"ANDREA ALVAREZ MARTINEZ"
"CEIP ARRANKUDIAGA",,,"{""EntityType"":""LocalBusiness"",""LocationUri"":""https://www.bingapis.com/api/v6/localbusinesses/YN6306x15556735372366905424?setLang=es-ES"",""DisplayName"":""E.P. ARRANKUDIAGA"",""Address"":{""Street"":""Barrio Arene, 11"",""City"":""Zollo-Elejalde"",""State"":""País Vasco / Euskadi"",""CountryOrRegion"":""España"",""PostalCode"":""48498"",""Type"":""Unknown"",""IsInferred"":""False""},""Coordinates"":{""Latitude"":43.1707,""Longitude"":-2.92097}}",,"014027aa@hezkuntza.net",,,"[""Arrigorriaga""]",,,,"Point (-2.92097 43.1707)","LAURA MARTIN SANCHEZ"
"URIBARRI",,,,"944.288.042","014087aa@hezkuntza.net",,,"[""Basauri Ariz""]",,,,,"LAURA MARTIN SANCHEZ"
"SOLOARTE",,,,"944.287.892","015723aa@hezkuntza.net",,,"[""Basauri Ariz""]",,,,,"LAURA MARTIN SANCHEZ"
"BIZKOTXALDE",,,,"944.494.275","015014aa@hezkuntza.net",,,"[""Basauri Ariz""]",,,,,"LAURA MARTIN SANCHEZ"
"ARIZGOITI",,,,"944.407.029","dudetetxebarrieta@gmail.com",,,"[""Basauri Ariz""]",,,,,"LAURA MARTIN SANCHEZ"
"FP BASAURI",,,,"944.263.617","cipbasauri@fundacionadsis.org",,,"[""Basauri Ariz""]",,,,,"LAURA MARTIN SANCHEZ"
"SAN JOSE",,,,"944.491.644","zuzendaritza@sanjosebasauri.org",,,"[""Basauri Ariz""]",,,,,"LAURA MARTIN SANCHEZ"
"ARIZKO IKASTOLA",,,,"944.288.072","014500aa@hezkuntza.net",,,"[""Basauri Ariz""]",,,,,"LAURA MARTIN SANCHEZ"
"BIDEBIETA",,,,"944.262.777","014088aa@hezkuntza.net",,,"[""Basauri Ariz""]",,,,,"LAURA MARTIN SANCHEZ"
"URBI",,,,"944.280.108","014086aa@hezkuntza.net",,,"[""Basauri Ariz""]",,,,,"LAURA MARTIN SANCHEZ"
"CEPA BASAURI DENON ESKOLA",,,,"944.402.022","014083aa@hezkuntza.net",,,"[""Basauri Ariz""]",,,,,"LAURA MARTIN SANCHEZ"
"KAREAGA-GOIKOA",,,,"944.498.946","014074aa@hezkuntza.net",,,"[""Basauri Kareaga""]",,,,,"LAURA MARTIN SANCHEZ"
"JOSÉ ETXEGARAI",,,,"944.288.070","014073aa@hezkuntza.net",,,"[""Basauri Ariz""]",,,,,"LAURA MARTIN SANCHEZ"
"ZEBERIOKO HAURRESKOLA",,,"{""EntityType"":""LocalBusiness"",""LocationUri"":""https://www.bingapis.com/api/v6/localbusinesses/YN6306x18444036733999876807?setLang=es-ES"",""DisplayName"":""Partzuergoko Haur Eskola Zeberioko Haurreskola"",""Address"":{""Street"":""Barrio De Zubialde 21"",""City"":""Zubialde"",""State"":""21"",""CountryOrRegion"":""España"",""PostalCode"":""48499"",""Type"":""Unknown"",""IsInferred"":""False""},""Coordinates"":{""Latitude"":43.1483,""Longitude"":-2.8498}}",,,,,"[""Arrigorriaga""]",,,,"Point (-2.8498 43.1483)","LAURA MARTIN SANCHEZ"
"CEIP ZUBIALDE",,,"{""EntityType"":""LocalBusiness"",""LocationUri"":""https://www.bingapis.com/api/v6/localbusinesses/YN6306x3731383892857816152?setLang=es-ES"",""DisplayName"":""CEIP ZUBIALDE HLHI"",""Address"":{""Street"":""Lugar Barrio Zautuola, 8D, 48499"",""State"":""BI"",""CountryOrRegion"":""España"",""Type"":""Unknown"",""IsInferred"":""False""},""Coordinates"":{""Latitude"":43.1486,""Longitude"":-2.85373}}",,"014237aa@hezkuntza.net",,,"[""Arrigorriaga""]",,,,"Point (-2.85373 43.1486)","LAURA MARTIN SANCHEZ"
"ARRIGORRIAGAKO HAURRESKOLA",,,"{""EntityType"":""LocalBusiness"",""LocationUri"":""https://www.bingapis.com/api/v6/localbusinesses/YN6306x9758261824240120063?setLang=es-ES"",""DisplayName"":""Partzuergoko Haur Eskola Arrigorriagako Haurreskola"",""Address"":{""Street"":""7,Avenida De Aixarte"",""City"":""Arrigorriaga"",""State"":""Vizcaya"",""CountryOrRegion"":""España"",""PostalCode"":""48480"",""Type"":""Unknown"",""IsInferred"":""False""},""Coordinates"":{""Latitude"":43.2046,""Longitude"":-2.89055}}","946.713.969","arrigorriaga.arrigorriaga@haurreskolak.eus",,,"[""Arrigorriaga""]",,,,"Point (-2.89055 43.2046)","LAURA MARTIN SANCHEZ"
"ARRIGORRIAGA",,,"{""EntityType"":""LocalBusiness"",""LocationUri"":""https://www.bingapis.com/api/v6/localbusinesses/YN6306x7593626460495728578?setLang=es-ES"",""DisplayName"":""Colegio Publico Arrigorriaga"",""Address"":{""Street"":""Mikel Alonsotegi, 2"",""City"":""Arrigorriaga"",""State"":""Vizcaya"",""CountryOrRegion"":""España"",""PostalCode"":""48480"",""Type"":""Unknown"",""IsInferred"":""False""},""Coordinates"":{""Latitude"":43.2104,""Longitude"":-2.88774}}","944.280.106","014029aa@hezkuntza.net",,,"[""Arrigorriaga""]",,,,"Point (-2.88774 43.2104)","LAURA MARTIN SANCHEZ"
"CONSTRUCCIÓN BIZKAIA ",,,"{""EntityType"":""LocalBusiness"",""LocationUri"":""https://www.bingapis.com/api/v6/localbusinesses/YN6306x8470338514622447326?setLang=es-ES"",""DisplayName"":""CONSTRUCCIÓN BIZKAIA"",""Address"":{""Street"":""Calle El Progreso S"",""City"":""Arrigorriaga"",""State"":""País Vasco "",""CountryOrRegion"":""España"",""PostalCode"":""48003"",""Type"":""Unknown"",""IsInferred"":""False""},""Coordinates"":{""Latitude"":43.2401,""Longitude"":-2.91718}}","944.013.840","014945aa@hezkuntza.net",,,"[""Arrigorriaga""]",,,,"Point (-2.91718 43.2401)","LAURA MARTIN SANCHEZ"
"ARRIGORRIAGA",,,"{""EntityType"":""LocalBusiness"",""LocationUri"":""https://www.bingapis.com/api/v6/localbusinesses/YN6306x11141869382691470175?setLang=es-ES"",""DisplayName"":""IES Arrigorriaga BHI"",""Address"":{""Street"":""Travesía Cristo"",""City"":""Arrigorriaga"",""State"":""Vizcaya"",""CountryOrRegion"":""España"",""PostalCode"":""48480"",""Type"":""Unknown"",""IsInferred"":""False""},""Coordinates"":{""Latitude"":43.2109,""Longitude"":-2.89311}}","944.280.132","015072aa@hezkuntza.net",,,"[""Arrigorriaga""]",,,,"Point (-2.89311 43.2109)","LAURA MARTIN SANCHEZ"
"BIHOTZ",,,"{""EntityType"":""LocalBusiness"",""LocationUri"":""https://www.bingapis.com/api/v6/localbusinesses/YN6306x3589135955397990542?setLang=es-ES"",""DisplayName"":""Escuela Infantil Bihotz"",""Address"":{""Street"":""C/ Severo Ochoa,53 Bajo Posterior"",""City"":""Arrigorriaga"",""State"":""Vizcaya"",""CountryOrRegion"":""España"",""PostalCode"":""48480"",""Type"":""Unknown"",""IsInferred"":""False""},""Coordinates"":{""Latitude"":43.2052,""Longitude"":-2.88864}}","946.713.846","bihotzhaureskola@yahoo.es",,,"[""Arrigorriaga""]",,,,"Point (-2.88864 43.2052)","LAURA MARTIN SANCHEZ"
"UGAO-MIRABALLESKO HAURRESKOLA",,,"{""EntityType"":""Custom"",""LocationUri"":null,""DisplayName"":""UGAOKO DORREA, 4"",""Address"":null,""Coordinates"":{""Latitude"":null,""Longitude"":null}}","944.043.985","ugaomiraballes.ugaomiraballes@haurreskolak.eus",,,"[""Arrigorriaga""]",,,,,"LAURA MARTIN SANCHEZ"
"UGAO",,,"{""EntityType"":""Custom"",""LocationUri"":null,""DisplayName"":""LEITOKI"",""Address"":null,""Coordinates"":{""Latitude"":null,""Longitude"":null}}","944.288.063","015105aa@hezkuntza.net",,,"[""Arrigorriaga""]",,,,,"LAURA MARTIN SANCHEZ"
"ZARATAMOKO HAURRESKOLA",,,"{""EntityType"":""Custom"",""LocationUri"":null,""DisplayName"":""GURUTZALDE  Z/G"",""Address"":null,""Coordinates"":{""Latitude"":null,""Longitude"":null}}","946.714.171","zaratamo.zaratamo@haurreskolak.eus",,,"[""Arrigorriaga""]",,,,,"LAURA MARTIN SANCHEZ"
"ZARATAMO",,,"{""EntityType"":""Custom"",""LocationUri"":null,""DisplayName"":""ELEXALDE 40"",""Address"":null,""Coordinates"":{""Latitude"":null,""Longitude"":null}}","946.712.318","015245aa@hezkuntza.net",,,"[""Arrigorriaga""]",,,,,"LAURA MARTIN SANCHEZ"
"LATIORRO",,,"{""EntityType"":""LocalBusiness"",""LocationUri"":""https://www.bingapis.com/api/v6/localbusinesses/YN6306x10514812454383024573?setLang=es-ES"",""DisplayName"":""Colegio Público Latiorro"",""Address"":{""Street"":""Latiorro Kalea, 6"",""City"":""Laudio"",""State"":""Álava"",""CountryOrRegion"":""ES"",""PostalCode"":""01400"",""Type"":""Unknown"",""IsInferred"":""False""},""Coordinates"":{""Latitude"":43.1382,""Longitude"":-2.95862}}","946.721.874","010317aa@hezkuntza.net zuzendaria@epalaudioamurrio.eus","https://osakidetza-my.sharepoint.com/?login_hint=marina%2Ecifuentesgarcia%40osakidetza%2Eeus&source=waffle",,"[""Llodio""]",,,,"Point (-2.95862 43.1382)","ANDREA ALVAREZ MARTINEZ"
"AREATZA",,"[""Infancia"",""Juventud""]","{""EntityType"":""LocalBusiness"",""LocationUri"":""https://www.bingapis.com/api/v6/localbusinesses/YN6306x520936542?setLang=es-ES"",""DisplayName"":""E.P. AREATZA"",""Address"":{""Street"":""C/ Askatasun, 6"",""City"":""Areatza"",""State"":""Vizcaya"",""CountryOrRegion"":""Spain"",""PostalCode"":""48143"",""Type"":""Unknown"",""IsInferred"":""False""},""Coordinates"":{""Latitude"":43.1194,""Longitude"":-2.76798}}","944.288.082","014454aa@hezkuntza.net",,,"[""Arratia""]",,,,"Point (-2.76798 43.1194)","MARINA CIFUENTES GARCIA"
"Ayuntamiento de Amurrio","Atencion ","[""Población general""]","{""EntityType"":""LocalBusiness"",""LocationUri"":""https://www.bingapis.com/api/v6/localbusinesses/YN6306x5382280074364009637?setLang=es-ES"",""DisplayName"":""Amurrioko Udaletxea"",""Address"":{""Street"":""Juan Urrutia plaza, 1"",""City"":""Amurrio"",""State"":""Álava"",""CountryOrRegion"":""España"",""PostalCode"":""01470"",""Type"":""Unknown"",""IsInferred"":""False""},""Coordinates"":{""Latitude"":43.0526,""Longitude"":-3.00102}}","945.891.161",,"https://amurrio.eus/eus/",,"[""Aiara""]","[""Institucion""]",,,"Point (-3.00102 43.0526)","CESAR ENRIQUE PINARGOTE GAVILANES"
"Ayuntamiento de Gernika-Lumo - Servicios, medio ambiente y mercado municipal","Aguas. Alcantarillado. Basuras. Alumbrado público. Mantenimiento y conservación de viales. Parques y jardines. Obras públicas. Caminos vecinales. Mercado municipal",,"{""EntityType"":""LocalBusiness"",""LocationUri"":""https://www.bingapis.com/api/v6/localbusinesses/YN6306x12346448259740362782?setLang=es-ES"",""DisplayName"":""Ayuntamiento de Gernika Lumo"",""Address"":{""Street"":""Pl. Fueros, 3"",""City"":""Gernika-Lumo"",""State"":""Vizcaya"",""CountryOrRegion"":""España"",""PostalCode"":""48300"",""Type"":""Unknown"",""IsInferred"":""False""},""Coordinates"":{""Latitude"":43.315,""Longitude"":-2.67867}}","946.270.207","zerbitzuak@gernika-lumo.eus","https://www.gernika-lumo.eus/es-ES/Ayuntamiento/Departamentos/Paginas/ofiadmin_09Obrasyservicios.aspx",,"[""Gernika""]","[""Institucion""]",,"Local","Point (-2.67867 43.315)","MARINA CIFUENTES GARCIA"
"CEPA GERNIKA-LUMO",,"[""Población general""]","{""EntityType"":""LocalBusiness"",""LocationUri"":""https://www.bingapis.com/api/v6/localbusinesses/YN6306x11941627597858037932?setLang=es-ES"",""DisplayName"":""Centro Público De Educación De Personas Adultas De Gernika Lumo"",""Address"":{""Street"":""10,Calle De Artekalea"",""City"":""Gernika-Lumo"",""State"":""Vizcaya"",""CountryOrRegion"":""Spain"",""PostalCode"":""48300"",""Type"":""Unknown"",""IsInferred"":""False""},""Coordinates"":{""Latitude"":43.3154,""Longitude"":-2.6781}}","946.270.157","014312aa@hezkuntza.net",,,"[""Gernika""]",,,,"Point (-2.6781 43.3154)","MARINA CIFUENTES GARCIA"
"Trabajo social orduña","Intervencions dirigidas hacia la población de Orduña","[""Mujeres"",""Juventud"",""Hombres"",""Personas Mayores""]","{""EntityType"":""LocalBusiness"",""LocationUri"":""https://www.bingapis.com/api/v6/localbusinesses/YN6306x1862200733640114008?setLang=es-ES"",""DisplayName"":""Ayuntamiento De Orduña"",""Address"":{""Street"":""Foru Enparantza, 1 Bajo;estanco"",""City"":""Bizkaia"",""State"":""País Vasco"",""CountryOrRegion"":""España"",""PostalCode"":""48460"",""Type"":""Unknown"",""IsInferred"":""False""},""Coordinates"":{""Latitude"":42.8459,""Longitude"":-2.66953}}",,,,,"[""Aiara""]","[""Institucion""]",,,"Point (-2.66953 42.8459)","ANDREA ALVAREZ MARTINEZ"
"Basoa","Proyecto comunitario que impulsa iniciativas y actividades especialmente ligadas a la solidaridad con las personas migrantes y refugiadas, así como activistas provenientes de diferentes movimientos sociales.","[""Personas migrantes"",""Salud comunitaria"",""Personas en riesgo de exclusión social""]","{""EntityType"":""LocalBusiness"",""LocationUri"":""https://www.bingapis.com/api/v6/localbusinesses/YN6306x4523836346972877606?setLang=es-ES"",""DisplayName"":""Basoa"",""Address"":{""Street"":""Bildosola auzoa, 12"",""City"":""Gautegiz Arteaga"",""State"":""Vizcaya"",""CountryOrRegion"":""España"",""Type"":""Unknown"",""IsInferred"":""False""},""Coordinates"":{""Latitude"":43.1446,""Longitude"":-2.78673}}",,"info@basoa.eus","https://basoa.eus/es/",,"[""Arratia""]","[""Proyecto Comunitario""]",,"Local","Point (-2.78673 43.1446)","CESAR ENRIQUE PINARGOTE GAVILANES"
"Ayuntamiento de Amorebieta-Etxano - Igualdad",,"[""Mujeres"",""Personas en riesgo de exclusión social"",""Género e identidad""]","{""EntityType"":""PostalAddress"",""LocationUri"":""https://www.bingapis.com/api/v6/geoentities?streetaddress=Nafarroa+Kalea&locality=Amorebieta-Etxano&subregion=Vizcaya&region=Pa%c3%ads+Vasco+%2f+Euskadi&postalcode=48340&country=Espa%c3%b1a&setLang=es-ES%2ces-es&count=1"",""DisplayName"":""Nafarroa Kalea"",""Address"":{""Street"":""Nafarroa Kalea"",""City"":""Amorebieta-Etxano"",""State"":""País Vasco / Euskadi"",""CountryOrRegion"":""España"",""PostalCode"":""48340"",""Type"":""Unknown"",""IsInferred"":""False""},""Coordinates"":{""Latitude"":null,""Longitude"":null}}",,,,,"[""Amorebieta""]","[""Institucion""]",,"Local",,"CESAR ENRIQUE PINARGOTE GAVILANES"
"Uxu-Ondarroako Emakumeen taldea","Lucha por los derechos de las mujeres No padecer violencia machista por el hecho de ser mujer, pobreza, paro, menores salarios, exclusión de los espacios de decisión, doble jornada... Participa en la comisisión de mujeres de Ondarroako Udala","[""Mujeres""]","{""EntityType"":""LocalBusiness"",""LocationUri"":""https://www.bingapis.com/api/v6/localbusinesses/YN6306x17547352611512502141?setLang=es-ES"",""DisplayName"":""ETXELILA"",""Address"":{""Street"":""Artibai kalea, 3-1. pisua"",""City"":""Ondárroa"",""State"":""País Vasco / Euskadi"",""CountryOrRegion"":""España"",""Type"":""Unknown"",""IsInferred"":""False""},""Coordinates"":{""Latitude"":43.3192,""Longitude"":-2.42519}}",,,," Reunión los viernes en 3a planta Ayuntamiento viejo.

Jornadas y exposición de mujeres artitas en torno al 8M, 28J, 25N","[""Ondarroa""]","[""Asociación""]",,"Local","Point (-2.42519 43.3192)","CESAR ENRIQUE PINARGOTE GAVILANES"
"Andrabanda Feminista","Reivindicar acciones feministas y hacer aportaciones en la lucha contra la violencai machista a través de la percusión y las canciones.","[""Mujeres""]","{""EntityType"":""LocalBusiness"",""LocationUri"":""https://www.bingapis.com/api/v6/localbusinesses/YN6306x17547352611512502141?setLang=es-ES"",""DisplayName"":""ETXELILA"",""Address"":{""Street"":""Artibai kalea, 3-1. pisua"",""City"":""Ondárroa"",""State"":""País Vasco / Euskadi"",""CountryOrRegion"":""España"",""Type"":""Unknown"",""IsInferred"":""False""},""Coordinates"":{""Latitude"":43.3192,""Longitude"":-2.42519}}",,,,,"[""Ondarroa""]","[""Asociación""]",,"Local","Point (-2.42519 43.3192)","CESAR ENRIQUE PINARGOTE GAVILANES"
"Ayuntamiento de Ondarroa - Deporte","Preparar y organizar la programación cultural y deportiva anual.","[""Actividad física""]","{""EntityType"":""LocalBusiness"",""LocationUri"":""https://www.bingapis.com/api/v6/localbusinesses/YN6306x946234116355623478?setLang=es-ES"",""DisplayName"":""Ayuntamiento De Ondarroa - Centralita"",""Address"":{""Street"":""Musika Enparantza, S/n Bajo"",""City"":""Bizkaia"",""State"":""Vizcaya"",""CountryOrRegion"":""España"",""PostalCode"":""48700"",""Type"":""Unknown"",""IsInferred"":""False""},""Coordinates"":{""Latitude"":43.3214,""Longitude"":-2.42109}}","946.833.669","kulturaetakirola@ondarroa.eus","https://www.ondarroa.eus/es-ES/Servicios/Interno/Deportes/Paginas/default.aspx","Gestiona GuzurEtxea
Preparar y organizar la programación cultural y deportiva anual.
Preparar la programación de las fiestas locales.
Tramitar las solicitudes para la utilización de la sala de exposiciones municipal así como la sala de conferencias.
Tramitar las solicitudes para la utilización de locales municipales.
Tramitar las infraestructuras y subvenciones solicitadas por los grupos deportivos y culturales locales.","[""Ondarroa""]","[""Institucion""]",,,"Point (-2.42109 43.3214)","CESAR ENRIQUE PINARGOTE GAVILANES"
"Ayuntamiento de Ondarroa - Cultura","Preparar y organizar la programación cultural y deportiva anual.","[""Cultura, ocio y naturaleza""]","{""EntityType"":""LocalBusiness"",""LocationUri"":""https://www.bingapis.com/api/v6/localbusinesses/YN6306x946234116355623478?setLang=es-ES"",""DisplayName"":""Ayuntamiento De Ondarroa - Centralita"",""Address"":{""Street"":""Musika Enparantza, S/n Bajo"",""City"":""Bizkaia"",""State"":""Vizcaya"",""CountryOrRegion"":""España"",""PostalCode"":""48700"",""Type"":""Unknown"",""IsInferred"":""False""},""Coordinates"":{""Latitude"":43.3214,""Longitude"":-2.42109}}","946.833.669","kulturaetakirola@ondarroa.eus","https://www.ondarroa.eus/es-ES/Servicios/Interno/Kultura/Paginas/default.aspx","Gestiona Txomin Agirre Udal Liburutegia
Preparar y organizar la programación cultural y deportiva anual.
Preparar la programación de las fiestas locales.
Tramitar las solicitudes para la utilización de la sala de exposiciones municipal así como la sala de conferencias.
Tramitar las solicitudes para la utilización de locales municipales.
Tramitar las infraestructuras y subvenciones solicitadas por los grupos deportivos y culturales locales.","[""Ondarroa""]","[""Institucion""]",,,"Point (-2.42109 43.3214)","CESAR ENRIQUE PINARGOTE GAVILANES"
"Ayuntamiento de Ondarroa - Igualdad","Fomentar políticas de igualdad","[""Mujeres"",""Hombres"",""Escuela de Salud""]","{""EntityType"":""LocalBusiness"",""LocationUri"":""https://www.bingapis.com/api/v6/localbusinesses/YN6306x946234116355623478?setLang=es-ES"",""DisplayName"":""Ayuntamiento De Ondarroa - Centralita"",""Address"":{""Street"":""Musika Enparantza, S/n Bajo"",""City"":""Bizkaia"",""State"":""Vizcaya"",""CountryOrRegion"":""España"",""PostalCode"":""48700"",""Type"":""Unknown"",""IsInferred"":""False""},""Coordinates"":{""Latitude"":43.3214,""Longitude"":-2.42109}}","946.134.008","rbaltar@ondarroa.eus","https://www.ondarroa.eus/es-ES/Servicios/Interno/Igualdad/Paginas/default.aspx","Etxelila
Nuevo acuerdo institucional.
Proyecto de Coeducación (Intinerario formativo desde LH5 hasta Bach)
VG, sexualidad, roles de género, pedagogía. Devolución a falmilias y profesorado
Escuela de empoderamiento","[""Ondarroa""]","[""Institucion""]",,,"Point (-2.42109 43.3214)","CESAR ENRIQUE PINARGOTE GAVILANES"
"Arringaingan","Punto de encuentro con el objetivo de superar todos los miedos y vergüenzas en la calle. Fomentando las relaciones entre los participantes","[""Mujeres""]","{""EntityType"":""LocalBusiness"",""LocationUri"":""https://www.bingapis.com/api/v6/localbusinesses/YN6306x17547352611512502141?setLang=es-ES"",""DisplayName"":""ETXELILA"",""Address"":{""Street"":""Artibai kalea, 3-1. pisua"",""City"":""Ondárroa"",""State"":""País Vasco / Euskadi"",""CountryOrRegion"":""España"",""Type"":""Unknown"",""IsInferred"":""False""},""Coordinates"":{""Latitude"":43.3192,""Longitude"":-2.42519}}","946.134.008",,,"Pautas de entrenamiento en función de sus capacidades para avanzar a ritmos (grupos en función del nivel)  Triathlon de mujeres","[""Ondarroa""]","[""Asociación""]",,,"Point (-2.42519 43.3192)","CESAR ENRIQUE PINARGOTE GAVILANES"
"Etxelila Ondarruko Emakumin",,"[""Mujeres"",""Salud sexual y reproductiva"",""Formación""]","{""EntityType"":""LocalBusiness"",""LocationUri"":""https://www.bingapis.com/api/v6/localbusinesses/YN6306x17547352611512502141?setLang=es-ES"",""DisplayName"":""ETXELILA"",""Address"":{""Street"":""Artibai kalea, 3-1. pisua"",""City"":""Ondárroa"",""State"":""País Vasco / Euskadi"",""CountryOrRegion"":""España"",""Type"":""Unknown"",""IsInferred"":""False""},""Coordinates"":{""Latitude"":43.3192,""Longitude"":-2.42519}}","664.547.367","etxelila@ondarroa.eus","https://www.ondarroa.eus/es-ES/Servicios/Interno/Igualdad/Paginas/Etxelila.aspx",,"[""Ondarroa""]","[""Institucion""]",,,"Point (-2.42519 43.3192)","CESAR ENRIQUE PINARGOTE GAVILANES"
"Sociedad Artística Cultural","La SACZ está abierta a apoyar iniciativas culturales de terceros y cuenta con unos locales abiertos a toda aquella persona que necesite de un espacio para la realización de actividades culturales","[""Población general"",""Juventud"",""Mujeres"",""Hombres"",""Personas Mayores"",""Personas en riesgo de exclusión social"",""Salud mental/Bienestar emocional"",""Enfermedades crónicas"",""Salud sexual y reproductiva""]",,,,,,"[""Amorebieta""]",,,,,"CESAR ENRIQUE PINARGOTE GAVILANES"
"Ayuntamiento de Amorebieta-Etxano",,"[""Población general""]","{""EntityType"":""LocalBusiness"",""LocationUri"":""https://www.bingapis.com/api/v6/localbusinesses/YN6306x4256119522615745653?setLang=es-ES"",""DisplayName"":""AYUNTAMIENTO DE AMOREBIETA-ETXNO"",""Address"":{""Street"":""Pl. Herriko, s/n"",""City"":""Amorebieta-Etxano"",""State"":""Vizcaya"",""CountryOrRegion"":""España"",""PostalCode"":""48340"",""Type"":""Unknown"",""IsInferred"":""False""},""Coordinates"":{""Latitude"":43.2204,""Longitude"":-2.73231}}","9.463.000.002","haz@amorebieta.eus","https://amorebieta-etxano.eus/es/",,"[""Amorebieta""]",,,,"Point (-2.73231 43.2204)","CESAR ENRIQUE PINARGOTE GAVILANES"
"Ayuntamiento de Orduña - Cultura",,"[""Cultura, ocio y naturaleza""]","{""EntityType"":""Custom"",""LocationUri"":null,""DisplayName"":""Foru Enparantza, 1 Bajo;estanco, 48460, Bizkaia (País Vasco)"",""Address"":null,""Coordinates"":{""Latitude"":null,""Longitude"":null}}","945.383.003","kultura@urduna.com",,,"[""Aiara""]",,,,,"ANDREA ALVAREZ MARTINEZ"
"Asociación de Jubilados de Orduña","Desarrollar y fomentar la convivencia entre las personas de la tercera edad. Estudiar las necesidades de estas personas, culturales y recreativas adecuadas a sus necesidades.","[""Personas Mayores""]","{""EntityType"":""Custom"",""LocationUri"":null,""DisplayName"":""Foru Plaza, 9 bajo"",""Address"":null,""Coordinates"":{""Latitude"":null,""Longitude"":null}}","637.015.249","ordunajubilados@yahoo.es",,,"[""Aiara""]",,,,,"ANDREA ALVAREZ MARTINEZ"
"LORALDI","ASOCIACIÓN DE MUJERES EN ORDUÑA","[""Mujeres"",""Salud mental/Bienestar emocional""]","{""EntityType"":""PostalAddress"",""LocationUri"":""https://www.bingapis.com/api/v6/geoentities?streetaddress=Calle+de+la+Gran+V%c3%ada%2c+12&locality=Ordu%c3%b1a&subregion=Vizcaya&region=Pa%c3%ads+Vasco+%2f+Euskadi&postalcode=48460&country=Espa%c3%b1a&setLang=es-ES%2ces-es&count=1"",""DisplayName"":""Calle de la Gran Vía, 12"",""Address"":{""Street"":""Calle de la Gran Vía, 12"",""City"":""Orduña"",""State"":""País Vasco / Euskadi"",""CountryOrRegion"":""España"",""PostalCode"":""48460"",""Type"":""Unknown"",""IsInferred"":""False""},""Coordinates"":{""Latitude"":null,""Longitude"":null}}","653.700.679","encarni.cano@hotmail.com",,,"[""Aiara""]",,,,,"ANDREA ALVAREZ MARTINEZ"
"Sartu Álava","Sartu-Álava somos una entidad no lucrativa cuya finalidad es la lucha contra la exclusión social desde una óptica de servicio público y en red con los recursos","[""Mujeres"",""Personas migrantes"",""Personas en riesgo de exclusión social""]","{""EntityType"":""Custom"",""LocationUri"":null,""DisplayName"":""Katuja-Ibarra Bidea, 15 bis, 01400 Laudio, Araba"",""Address"":null,""Coordinates"":{""Latitude"":null,""Longitude"":null}}",,,,"Rocio (Llodio) 658757860","[""Aiara"",""Llodio""]",,,,,"ANDREA ALVAREZ MARTINEZ"
"AURRERAKA","El fin primordial de la Asociación será tratar de impulsar y promover las condiciones que posibiliten la igualdad de ambos sexos y la participación de la mujer en la vida cultural, política y social. - Coordinación y colaboración con autoridades municipal","[""Mujeres""]","{""EntityType"":""Custom"",""LocationUri"":null,""DisplayName"":""Landako, 8, Amurrio"",""Address"":null,""Coordinates"":{""Latitude"":null,""Longitude"":null}}","688.716.252","amaurreraka@gmail.com",,,"[""Aiara""]",,,,,"ANDREA ALVAREZ MARTINEZ"
"Berritzegunea de Gernika-Lumo","Grupo de apoyo en el área pedagógica y de material para los centros educativos de Busturialde y Lea –Artibai.","[""Formación"",""Ocupación/inserción laboral""]","{""EntityType"":""Custom"",""LocationUri"":null,""DisplayName"":""Adolfo Urioste, 7 48300 Gernika"",""Address"":null,""Coordinates"":{""Latitude"":null,""Longitude"":null}}","946.253.546"," b10gernika@berritzeguneak.eus","http://b10.berritzeguneak.net/eu/",,"[""Gernika"",""Gernikaldea""]",,,,,"MARINA CIFUENTES GARCIA"
"Ayuntamiento de Gernika-Lumo - Igualdad","Actividades dirigidas a mejorar la calidad de vida de las mujeres del municipio.
Programas para impulsar la Igualdad de Oportunidades: utilización no sexista del lenguaje, coeducación, campañas de sensibilización…
Asesoramiento psicológico.
Material actua","[""Mujeres""]","{""EntityType"":""Custom"",""LocationUri"":null,""DisplayName"":""Artekalea, 8-3º"",""Address"":null,""Coordinates"":{""Latitude"":null,""Longitude"":null}}",,,,,"[""Gernika""]",,,,,"MARINA CIFUENTES GARCIA"
"Ayuntamiento de Gernika-Lumo - Euskera","Normalización del uso del euskera en todos los ámbitos de la sociedad.​​","[""Población general"",""Cultura, ocio y naturaleza"",""Formación""]",,"946.270.200","euskera@gernika-lumo.eus","https://www.gernika-lumo-euskaraz.eus/euskara/jorra-tokiak","OTROS CORREOS: eusk.dinamizatzailea@gernika-lumo.eus     hnt2@gernika-lumo.eus","[""Gernika""]",,,,,"MARINA CIFUENTES GARCIA"
"Ayuntamiento de Gernika-Lumo - Cultura","Desarrollar y promover actividades culturales, científicas y artísticas, prestando especial atención a todas las manifestaciones de la cultura vasca.
Apoyar e impulsar las iniciativas culturales de los diferentes grupos locales, promoviendo la participaci","[""Cultura, ocio y naturaleza""]","{""EntityType"":""LocalBusiness"",""LocationUri"":""https://www.bingapis.com/api/v6/localbusinesses/YN6306x12330637811515637552?setLang=es-ES"",""DisplayName"":""Gernika-Lumoko Kultur Etxea"",""Address"":{""Street"":""Foru plaza, 2"",""City"":""Guernica"",""State"":""Vizcaya"",""CountryOrRegion"":""ES"",""PostalCode"":""48300"",""Type"":""Unknown"",""IsInferred"":""False""},""Coordinates"":{""Latitude"":43.3152,""Longitude"":-2.67874}}","946.270.201","kultur-etxea@gernika-lumo.eus","https://www.gernika-lumo.eus/es-ES/Servicios/Cultura/Paginas/default.aspx",,"[""Gernika""]",,,,"Point (-2.67874 43.3152)","MARINA CIFUENTES GARCIA"
"Ayuntamiento de Gernika-Lumo - Turismo","Información","[""Cultura, ocio y naturaleza""]","{""EntityType"":""LocalBusiness"",""LocationUri"":""https://www.bingapis.com/api/v6/localbusinesses/YN6306x521356115?setLang=es-ES"",""DisplayName"":""Gernika Turismo"",""Address"":{""Street"":""Artekalea 8, 48.300 Guernica"",""City"":""Gernika-Lumo"",""CountryOrRegion"":""ES"",""Type"":""Unknown"",""IsInferred"":""False""},""Coordinates"":{""Latitude"":43.3152,""Longitude"":-2.67822}}","946.255.892","turismo@gernika-lumo.eus","https://gernikainfo.eus/",,"[""Gernika""]",,,,"Point (-2.67822 43.3152)","MARINA CIFUENTES GARCIA"
"Ayuntamiento de Gernika-Lumo - Patronato municipal de deportes","Gestión de las instalaciones deportivas","[""Actividad física""]","{""EntityType"":""Custom"",""LocationUri"":null,""DisplayName"":""Carlos Gangoiti, 25 1º"",""Address"":null,""Coordinates"":{""Latitude"":null,""Longitude"":null}}","946.270.045","kirolak@gernika-lumo.eus","https://www.gernika-lumo.eus/es-ES/Servicios/Deportivo/Paginas/default.aspx",,"[""Gernika""]",,,,,"MARINA CIFUENTES GARCIA"
"Ayuntamiento de Durango",,,"{""EntityType"":""LocalBusiness"",""LocationUri"":""https://www.bingapis.com/api/v6/localbusinesses/YN6306x522163518?setLang=es-ES"",""DisplayName"":""Ayuntamiento de Durango"",""Address"":{""Street"":""Calle Barren, 17"",""City"":""Durango"",""State"":""Vizcaya"",""CountryOrRegion"":""ES"",""PostalCode"":""48200"",""Type"":""Unknown"",""IsInferred"":""False""},""Coordinates"":{""Latitude"":43.1662,""Longitude"":-2.63148}}","946.030.000","durango@durango.eus","https://www.durango.eus/es/home",,"[""Durango""]",,,,"Point (-2.63148 43.1662)","CESAR ENRIQUE PINARGOTE GAVILANES"
"OKONDOKO HAURRESKOLA-AURORA MENDIETA",,,"{""EntityType"":""LocalBusiness"",""LocationUri"":""https://www.bingapis.com/api/v6/localbusinesses/YN6306x16784946482337359037?setLang=es-ES"",""DisplayName"":""Partzuergoko Haur Eskola Okondoko Haurreskola Aurora Mendieta"",""Address"":{""Street"":""Calle Irabien, 89, 01409 Irabien, Álava, Spain"",""City"":""Irabien"",""State"":""Vasconia"",""CountryOrRegion"":""ES"",""PostalCode"":""01409"",""Type"":""Unknown"",""IsInferred"":""False""},""Coordinates"":{""Latitude"":43.153,""Longitude"":-3.0281}}","945.898.429","aurora.okondo@haurreskolak.eus",,,"[""Llodio""]",,,,"Point (-3.0281 43.153)","ANDREA ALVAREZ MARTINEZ"
"OROZKO HARANA",,,"{""EntityType"":""PostalAddress"",""LocationUri"":""https://www.bingapis.com/api/v6/geoentities?streetaddress=Calle+de+Ibaiondo%2c+6&locality=Orozco&subregion=Vizcaya&region=Pa%c3%ads+Vasco+%2f+Euskadi&postalcode=48410&country=Espa%c3%b1a&setLang=es-ES%2ces-es&count=1"",""DisplayName"":""Calle de Ibaiondo, 6"",""Address"":{""Street"":""Calle de Ibaiondo, 6"",""City"":""Orozco"",""State"":""País Vasco / Euskadi"",""CountryOrRegion"":""España"",""PostalCode"":""48410"",""Type"":""Unknown"",""IsInferred"":""False""},""Coordinates"":{""Latitude"":null,""Longitude"":null}}","946.339.615","014382aa@hezkuntza.net",,,"[""Llodio""]",,,,,"ANDREA ALVAREZ MARTINEZ"
"OROZKOKO HAURRESKOLA",,,"{""EntityType"":""PostalAddress"",""LocationUri"":""https://www.bingapis.com/api/v6/geoentities?streetaddress=Untzueta+Kalea&locality=Orozco&subregion=Vizcaya&region=Pa%c3%ads+Vasco+%2f+Euskadi&country=Espa%c3%b1a&setLang=es-ES%2ces-es&count=1"",""DisplayName"":""Untzueta Kalea"",""Address"":{""Street"":""Untzueta Kalea"",""City"":""Orozco"",""State"":""País Vasco / Euskadi"",""CountryOrRegion"":""España"",""Type"":""Unknown"",""IsInferred"":""False""},""Coordinates"":{""Latitude"":null,""Longitude"":null}}","946.339.713","orozko.orozko@haurreskolak.eus",,,"[""Llodio""]",,,,,"ANDREA ALVAREZ MARTINEZ"
"URDUÑA",,,"{""EntityType"":""LocalBusiness"",""LocationUri"":""https://www.bingapis.com/api/v6/localbusinesses/YN6306x5282443562763733198?setLang=es-ES"",""DisplayName"":""Centro Orduña Haurreskola"",""Address"":{""Street"":""Barrio San Francisco 3"",""City"":""Orduña"",""State"":""Vizcaya"",""CountryOrRegion"":""ES"",""PostalCode"":""48460"",""Type"":""Unknown"",""IsInferred"":""False""},""Coordinates"":{""Latitude"":42.9923,""Longitude"":-3.00981}}","945.383.504","014379aa@hezkuntza.net",,,"[""Aiara""]",,,,"Point (-3.00981 42.9923)","ANDREA ALVAREZ MARTINEZ"
"NTRA. SRA. DE LA ANTIGUA",,,"{""EntityType"":""LocalBusiness"",""LocationUri"":""https://www.bingapis.com/api/v6/localbusinesses/YN6306x13808695639219170032?setLang=es-ES"",""DisplayName"":""NTRA. SRA. DE LA ANTIGUA"",""Address"":{""Street"":""Plaza Foru 5"",""City"":""Orduña"",""State"":""Vizcaya"",""CountryOrRegion"":""ES"",""PostalCode"":""48460"",""Type"":""Unknown"",""IsInferred"":""False""},""Coordinates"":{""Latitude"":42.9944,""Longitude"":-3.0095}}","945.384.830","nsantigua@alfaexpress.net",,,"[""Aiara""]",,,,"Point (-3.0095 42.9944)","ANDREA ALVAREZ MARTINEZ"
"URDUÑAKO HAURRESKOLA",,,"{""EntityType"":""Custom"",""LocationUri"":null,""DisplayName"":""nafarroa, 5, Orduña"",""Address"":null,""Coordinates"":{""Latitude"":null,""Longitude"":null}}","945.383.346","urduna.urduna@haurreskolak.eus",,,"[""Aiara""]",,,,,"ANDREA ALVAREZ MARTINEZ"
"Ayuntamiento de Amurrio - Participación ciudadana",,"[""Población general""]","{""EntityType"":""PostalAddress"",""LocationUri"":""https://www.bingapis.com/api/v6/geoentities?streetaddress=Juan+de+Urrutia+Plaza&locality=Amurrio&subregion=%c3%81lava&region=Pa%c3%ads+Vasco+%2f+Euskadi&postalcode=01470&country=Espa%c3%b1a&setLang=es-ES%2ces-es&count=1"",""DisplayName"":""Juan de Urrutia Plaza"",""Address"":{""Street"":""Juan de Urrutia Plaza"",""City"":""Amurrio"",""State"":""País Vasco / Euskadi"",""CountryOrRegion"":""España"",""PostalCode"":""01470"",""Type"":""Unknown"",""IsInferred"":""False""},""Coordinates"":{""Latitude"":null,""Longitude"":null}}",,"partehartzea@amurrio.org",,"Ext teléfono : 241","[""Aiara""]",,,,,"ANDREA ALVAREZ MARTINEZ"
"Ayuntamiento de Amurrio - Salud",,"[""Salud comunitaria""]","{""EntityType"":""PostalAddress"",""LocationUri"":""https://www.bingapis.com/api/v6/geoentities?streetaddress=Plaza+de+Juan+de+Urrutia&locality=Amurrio&subregion=%c3%81lava&region=Pa%c3%ads+Vasco+%2f+Euskadi&postalcode=01470&country=Espa%c3%b1a&setLang=es-ES%2ces-es&count=1"",""DisplayName"":""Plaza de Juan de Urrutia"",""Address"":{""Street"":""Plaza de Juan de Urrutia"",""City"":""Amurrio"",""State"":""País Vasco / Euskadi"",""CountryOrRegion"":""España"",""PostalCode"":""01470"",""Type"":""Unknown"",""IsInferred"":""False""},""Coordinates"":{""Latitude"":null,""Longitude"":null}}","945.891.161",,,,"[""Aiara""]",,,,,"ANDREA ALVAREZ MARTINEZ"
"Mancomunidad de Busturialdea - Inmigración","Recursos:
Ofrecer atención y orientación a la población inmigrante que llega a nuestra comarca.
Organizar actividades de sensibilizacion para impulsar la convivencia intercultural.","[""Personas en riesgo de exclusión social"",""Personas migrantes""]","{""EntityType"":""LocalBusiness"",""LocationUri"":""https://www.bingapis.com/api/v6/localbusinesses/YN6306x521287152?setLang=es-ES"",""DisplayName"":""Mancomunidad De Servicios Sociales De Busturialdea"",""Address"":{""Street"":""C/ Alhóndiga, 6 - Bajo"",""City"":""Gernika-Lumo"",""State"":""Vizcaya"",""CountryOrRegion"":""ES"",""PostalCode"":""48300"",""Type"":""Unknown"",""IsInferred"":""False""},""Coordinates"":{""Latitude"":43.3121,""Longitude"":-2.67783}}","946.255.122",,"https://www.busturialdekomankomunitatea.org/es-ES/Paginas/default.aspx",,"[""Gernika"",""Gernikaldea""]",,,,"Point (-2.67783 43.3121)","MARINA CIFUENTES GARCIA"
"Mancomunidad de Busturialdea - Mujeres","Se han diseñado programas específicos para colectivos de mujeres en situación de vulnerabilidad y poder atender sus necesidades:
Recursos: 
Servicio de asesoría legal para mujeres
Atención a mujeres víctimas de violencia","[""Mujeres"",""Personas en riesgo de exclusión social""]","{""EntityType"":""LocalBusiness"",""LocationUri"":""https://www.bingapis.com/api/v6/localbusinesses/YN6306x521287152?setLang=es-ES"",""DisplayName"":""Mancomunidad De Servicios Sociales De Busturialdea"",""Address"":{""Street"":""C/ Alhóndiga, 6 - Bajo"",""City"":""Gernika-Lumo"",""State"":""Vizcaya"",""CountryOrRegion"":""ES"",""PostalCode"":""48300"",""Type"":""Unknown"",""IsInferred"":""False""},""Coordinates"":{""Latitude"":43.3121,""Longitude"":-2.67783}}","946.255.122",,"https://www.busturialdekomankomunitatea.org/es-ES/Paginas/default.aspx",,"[""Gernika"",""Gernikaldea""]",,,,"Point (-2.67783 43.3121)","MARINA CIFUENTES GARCIA"
"Mancomunidad de Busturialdea - Personas mayores","Recursos:
Ayuda a domicilio
Servicio de teleasistencia
Solicitudes de valoración de dependencia","[""Personas Mayores"",""Personas en riesgo de exclusión social"",""Personas cuidadoras""]","{""EntityType"":""LocalBusiness"",""LocationUri"":""https://www.bingapis.com/api/v6/localbusinesses/YN6306x521287152?setLang=es-ES"",""DisplayName"":""Mancomunidad De Servicios Sociales De Busturialdea"",""Address"":{""Street"":""C/ Alhóndiga, 6 - Bajo"",""City"":""Gernika-Lumo"",""State"":""Vizcaya"",""CountryOrRegion"":""ES"",""PostalCode"":""48300"",""Type"":""Unknown"",""IsInferred"":""False""},""Coordinates"":{""Latitude"":43.3121,""Longitude"":-2.67783}}","946.255.122",,"https://www.busturialdekomankomunitatea.org/es-ES/Paginas/default.aspx",,"[""Gernikaldea"",""Gernika""]",,,,"Point (-2.67783 43.3121)","MARINA CIFUENTES GARCIA"
"Mancomunidad de Busturialdea - Infancia y familia","Atención a niños, niñas y adolescentes en situación de riesgo social o desprotección, poniendo en marcha los recursos necesarios para respondera esta situación

Apoyo y orientación a familias con dificultades en la educación de sus hijos e hijas

Contamos","[""Infancia"",""Personas en riesgo de exclusión social""]","{""EntityType"":""LocalBusiness"",""LocationUri"":""https://www.bingapis.com/api/v6/localbusinesses/YN6306x521287152?setLang=es-ES"",""DisplayName"":""Mancomunidad De Servicios Sociales De Busturialdea"",""Address"":{""Street"":""C/ Alhóndiga, 6 - Bajo"",""City"":""Gernika-Lumo"",""State"":""Vizcaya"",""CountryOrRegion"":""ES"",""PostalCode"":""48300"",""Type"":""Unknown"",""IsInferred"":""False""},""Coordinates"":{""Latitude"":43.3121,""Longitude"":-2.67783}}","946.255.122",,"https://www.busturialdekomankomunitatea.org/es-ES/Paginas/default.aspx",,"[""Gernika"",""Gernikaldea""]",,,,"Point (-2.67783 43.3121)","MARINA CIFUENTES GARCIA"
"Gernikako Sare Feminista","Red de mujeres de Gernika.","[""Mujeres""]",,,"sarefeministagernika@gmail.com",,,"[""Gernika""]",,,,,"MARINA CIFUENTES GARCIA"
"Astra","Astra es una herramienta compartida, un espacio autogestionado por la comunidad que le rodea. Tiene carácter abierto y cualquier persona puede organizar alguna actividad en Astra o participar en sus decisiones y gestión. Vamos a decir más aún, sin la part","[""Cultura, ocio y naturaleza"",""Población general""]","{""EntityType"":""LocalBusiness"",""LocationUri"":""https://www.bingapis.com/api/v6/localbusinesses/YN6306x7003101471499784373?setLang=es-ES"",""DisplayName"":""Astra Gaztetxea"",""Address"":{""Street"":""Calle Goikoibarra, 1"",""City"":""Gernika-Lumo"",""State"":""Vizcaya"",""CountryOrRegion"":""ES"",""PostalCode"":""48300"",""Type"":""Unknown"",""IsInferred"":""False""},""Coordinates"":{""Latitude"":43.3124,""Longitude"":-2.67684}}",,"info@astragernika.net","https://astragernika.net/",,"[""Gernika""]",,,,"Point (-2.67684 43.3124)","MARINA CIFUENTES GARCIA"
"LEKEITIO",,"[""Juventud""]","{""EntityType"":""LocalBusiness"",""LocationUri"":""https://www.bingapis.com/api/v6/localbusinesses/YN6306x7602503171777123392?setLang=es-ES"",""DisplayName"":""Instituto De Educacion Secundaria Ondarroa - Lekeitio Bhi"",""Address"":{""Street"":""Atea, 7"",""City"":""Lekeitio"",""State"":""Vizcaya"",""CountryOrRegion"":""ES"",""PostalCode"":""48280"",""Type"":""Unknown"",""IsInferred"":""False""},""Coordinates"":{""Latitude"":43.3643,""Longitude"":-2.50585}}","944.287.874","015624aa@hezkuntza.net",,,"[""Lekeitio""]",,,,"Point (-2.50585 43.3643)","MARINA CIFUENTES GARCIA"
"BERMEOKO HAURRESKOLA",,"[""Infancia""]","{""EntityType"":""LocalBusiness"",""LocationUri"":""https://www.bingapis.com/api/v6/localbusinesses/YN6306x13330021898446179420?setLang=es-ES"",""DisplayName"":""Bermeoko Haurreskola"",""Address"":{""Street"":""C/ Tonpoi Bidea, 1 - BAJO"",""City"":""Bermeo"",""State"":""Vizcaya"",""CountryOrRegion"":""ES"",""PostalCode"":""48370"",""Type"":""Unknown"",""IsInferred"":""False""},""Coordinates"":{""Latitude"":43.4225,""Longitude"":-2.72282}}","946.880.563","bermeo.bermeo@haurreskolak.eus",,,"[""Bermeo""]",,,,"Point (-2.72282 43.4225)","MARINA CIFUENTES GARCIA"
"LEKEITIOKO HAURRESKOLA",,"[""Infancia""]","{""EntityType"":""LocalBusiness"",""LocationUri"":""https://www.bingapis.com/api/v6/localbusinesses/YN6306x1777885219386864560?setLang=es-ES"",""DisplayName"":""Lekeitioko Haurreskola"",""Address"":{""Street"":""9,Barrio De Larrotegi"",""City"":""Lekeitio"",""State"":""País Vasco"",""CountryOrRegion"":""ES"",""PostalCode"":""48280"",""Type"":""Unknown"",""IsInferred"":""False""},""Coordinates"":{""Latitude"":43.3607,""Longitude"":-2.50867}}","946.243.392","lekeitio.lekeitio@haurreskolak.eus",,,"[""Gernikaldea""]",,,,"Point (-2.50867 43.3607)","MARINA CIFUENTES GARCIA"
"GAUTEGIZ ARTEAGAKO HAURRESKOLA",,"[""Infancia""]","{""EntityType"":""LocalBusiness"",""LocationUri"":""https://www.bingapis.com/api/v6/localbusinesses/YN6306x11410925649052347687?setLang=es-ES"",""DisplayName"":""Gautegiz Arteagako Haurreskola"",""Address"":{""Street"":""1,Barrio Mendialdua"",""City"":""Gautegiz Arteaga"",""State"":""País Vasco"",""CountryOrRegion"":""ES"",""PostalCode"":""48314"",""Type"":""Unknown"",""IsInferred"":""False""},""Coordinates"":{""Latitude"":43.3516,""Longitude"":-2.6511}}","946.240.135","gautegiz.arteaga@haurreskolak.eus",,,"[""Gernikaldea""]",,,,"Point (-2.6511 43.3516)","MARINA CIFUENTES GARCIA"
"EAKO HAURRESKOLA-LORADI",,"[""Infancia""]","{""EntityType"":""LocalBusiness"",""LocationUri"":""https://www.bingapis.com/api/v6/localbusinesses/YN6306x7702334723822677196?setLang=es-ES"",""DisplayName"":""Haurreskola Loradi"",""Address"":{""Street"":""4,Calle De Jesús"",""City"":""Ea"",""State"":""Vizcaya"",""CountryOrRegion"":""ES"",""PostalCode"":""48287"",""Type"":""Unknown"",""IsInferred"":""False""},""Coordinates"":{""Latitude"":43.3805,""Longitude"":-2.58409}}","946.275.063","loradi.ea@haurreskolak.eus",,,"[""Lekeitio""]",,,,"Point (-2.58409 43.3805)","MARINA CIFUENTES GARCIA"
"BUSTURIAKO HAURRESKOLA-SEINTXU",,"[""Infancia""]","{""EntityType"":""LocalBusiness"",""LocationUri"":""https://www.bingapis.com/api/v6/localbusinesses/YN6306x3773112915385383811?setLang=es-ES"",""DisplayName"":""Partzuergoko Haur Eskola Busturiako Haurreskola Zamakola"",""Address"":{""Street"":""Barrio de Altamira 45A"",""City"":""Busturia"",""State"":""País Vasco "",""CountryOrRegion"":""ES"",""PostalCode"":""48350"",""Type"":""Unknown"",""IsInferred"":""False""},""Coordinates"":{""Latitude"":43.3679,""Longitude"":-2.70151}}","946.871.006","seintxu.busturia@haurreskolak.eus",,,"[""Gernikaldea""]",,,,"Point (-2.70151 43.3679)","MARINA CIFUENTES GARCIA"
"MUXIKAKO HAURRESKOLA",,"[""Infancia""]","{""EntityType"":""LocalBusiness"",""LocationUri"":""https://www.bingapis.com/api/v6/localbusinesses/YN6306x14294990423816030432?setLang=es-ES"",""DisplayName"":""Muxikako Ikastola"",""Address"":{""Street"":""Kurtzero 41"",""City"":""Muxika"",""State"":""Vizcaya"",""CountryOrRegion"":""ES"",""PostalCode"":""48392"",""Type"":""Unknown"",""IsInferred"":""False""},""Coordinates"":{""Latitude"":43.2909,""Longitude"":-2.6897}}","946.258.579","muxika.muxika@haurreskolak.eus",,,"[""Gernikaldea""]",,,,"Point (-2.6897 43.2909)","MARINA CIFUENTES GARCIA"
"MUNDAKAKO HAURRESKOLA",,"[""Infancia""]","{""EntityType"":""Custom"",""LocationUri"":null,""DisplayName"":""LEHENDAKARI AGIRRE 1"",""Address"":null,""Coordinates"":{""Latitude"":null,""Longitude"":null}}","946.029.619","mundaka.mundaka@haurreskolak.eus",,,"[""Bermeo""]",,,,,"MARINA CIFUENTES GARCIA"
"ISPASTERKO HAURRESKOLA",,"[""Infancia""]","{""EntityType"":""Custom"",""LocationUri"":null,""DisplayName"":""AGARRETXU 2 BAJO"",""Address"":null,""Coordinates"":{""Latitude"":null,""Longitude"":null}}","946.243.800","ispaster.ispaster@haurreskolak.eus",,,"[""Lekeitio""]",,,,,"MARINA CIFUENTES GARCIA"
"GERNIKA-LUMOKO HAURRESKOLA-ALLENDE SALAZAR",,"[""Infancia""]","{""EntityType"":""LocalBusiness"",""LocationUri"":""https://www.bingapis.com/api/v6/localbusinesses/YN6306x1111007238250471557?setLang=es-ES"",""DisplayName"":""Partzuergoko Haur Eskola Gernika Lumoko Haurreskola Allende Salazar"",""Address"":{""Street"":""Zearreta Kalea, 6, 48300 Gernika-lumo, Bizkaia, Spain"",""City"":""Guernica Y Luno"",""State"":""País Vasco"",""CountryOrRegion"":""ES"",""PostalCode"":""48300"",""Type"":""Unknown"",""IsInferred"":""False""},""Coordinates"":{""Latitude"":43.3132,""Longitude"":-2.68318}}","946.250.105","allendesalazar.gernika@haurreskolak.eus",,,"[""Gernika""]",,,,"Point (-2.68318 43.3132)","MARINA CIFUENTES GARCIA"
"AULESTIKO HAURRESKOLA",,"[""Infancia""]","{""EntityType"":""LocalBusiness"",""LocationUri"":""https://www.bingapis.com/api/v6/localbusinesses/YN6306x2048343623066737469?setLang=es-ES"",""DisplayName"":""Partzuergoko Haur Eskola Aulestiko Haurreskola"",""Address"":{""Street"":""Aulesti"",""City"":""Biscay"",""State"":""País Vasco"",""CountryOrRegion"":""ES"",""PostalCode"":""48380"",""Type"":""Unknown"",""IsInferred"":""False""},""Coordinates"":{""Latitude"":43.2958,""Longitude"":-2.56333}}","946.279.034","aulesti.aulesti@haurreskolak.eus",,,"[""Lekeitio""]",,,,"Point (-2.56333 43.2958)","MARINA CIFUENTES GARCIA"
"IBARRANGELUKO HAURRESKOLA",,"[""Infancia""]","{""EntityType"":""LocalBusiness"",""LocationUri"":""https://www.bingapis.com/api/v6/localbusinesses/YN6306x8975803648614765530?setLang=es-ES"",""DisplayName"":""Partzuergoko Haur Eskola Leioako Haurreskola"",""Address"":{""Street"":""36,Barrio De Elejalde"",""City"":""Ibarrangelu"",""State"":""País Vasco"",""CountryOrRegion"":""ES"",""PostalCode"":""48311"",""Type"":""Unknown"",""IsInferred"":""False""},""Coordinates"":{""Latitude"":43.3918,""Longitude"":-2.63275}}","946.276.598","ibarrangelu.ibarrangelu@haurreskolak.eus",,,"[""Gernikaldea""]",,,,"Point (-2.63275 43.3918)","MARINA CIFUENTES GARCIA"
"GERNIKA-LUMOKO HAURRESKOLA-BARRUTIA",,"[""Infancia""]","{""EntityType"":""Custom"",""LocationUri"":null,""DisplayName"":""BARRUTIA AUZOA 8"",""Address"":null,""Coordinates"":{""Latitude"":null,""Longitude"":null}}","946.257.363","barrutia.gernika@haurreskolak.eus",,,"[""Gernikaldea""]",,,,,"MARINA CIFUENTES GARCIA"
"BERMEO",,"[""Juventud""]","{""EntityType"":""LocalBusiness"",""LocationUri"":""https://www.bingapis.com/api/v6/localbusinesses/YN6306x18324372230703791005?setLang=es-ES"",""DisplayName"":""Ies I. Arozena-Barrueta/Tar Benito Bhi"",""Address"":{""Street"":""Calle De Matxitxako"",""City"":""Bermeo"",""State"":""Vizcaya"",""CountryOrRegion"":""ES"",""PostalCode"":""48370"",""Type"":""Unknown"",""IsInferred"":""False""},""Coordinates"":{""Latitude"":43.4217,""Longitude"":-2.72473}}","944.288.066","015106aa@hezkuntza.net",,,"[""Bermeo""]",,,,"Point (-2.72473 43.4217)","MARINA CIFUENTES GARCIA"
"BARRUTIALDE",,"[""Juventud""]","{""EntityType"":""LocalBusiness"",""LocationUri"":""https://www.bingapis.com/api/v6/localbusinesses/YN6306x10199220052884925067?setLang=es-ES"",""DisplayName"":""IES BARRUTIALDE BHI"",""Address"":{""Street"":""Calle Barrutia, 7"",""City"":""Arratzu"",""State"":""Vizcaya"",""CountryOrRegion"":""ES"",""PostalCode"":""48383"",""Type"":""Unknown"",""IsInferred"":""False""},""Coordinates"":{""Latitude"":43.3243,""Longitude"":-2.66622}}","944.287.829","015021aa@hezkuntza.net",,,"[""Gernikaldea""]",,,,"Point (-2.66622 43.3243)","MARINA CIFUENTES GARCIA"
"GERNIKA",,"[""Juventud""]","{""EntityType"":""LocalBusiness"",""LocationUri"":""https://www.bingapis.com/api/v6/localbusinesses/YN6306x15030669704069239005?setLang=es-ES"",""DisplayName"":""Gernika BHI-IES Gernika"",""Address"":{""Street"":""Calle De Carlos Gangoiti 23"",""City"":""Gernika-Lumo"",""State"":""Vizcaya"",""CountryOrRegion"":""ES"",""PostalCode"":""48300"",""Type"":""Unknown"",""IsInferred"":""False""},""Coordinates"":{""Latitude"":43.3196,""Longitude"":-2.67897}}","944.287.817","014320aa@hezkuntza.net","https://www.aldapeta.eus/",,"[""Gernika""]",,,,"Point (-2.67897 43.3196)","MARINA CIFUENTES GARCIA"
"MUSIKAIA",,"[""Infancia"",""Juventud""]","{""EntityType"":""LocalBusiness"",""LocationUri"":""https://www.bingapis.com/api/v6/localbusinesses/YN6306x5009970927739700089?setLang=es-ES"",""DisplayName"":""MUSIKAIA MUSIKA ESKOLA"",""Address"":{""Street"":""10,Calle De Elizatea"",""City"":""Lekeitio"",""State"":""País Vasco"",""CountryOrRegion"":""ES"",""PostalCode"":""48280"",""Type"":""Unknown"",""IsInferred"":""False""},""Coordinates"":{""Latitude"":43.3626,""Longitude"":-2.5022}}","946.128.549","musikaeskola@musikaia.eus",,,"[""Lekeitio""]",,,,"Point (-2.5022 43.3626)","MARINA CIFUENTES GARCIA"
"HAIZEDER",,"[""Infancia"",""Juventud""]","{""EntityType"":""Custom"",""LocationUri"":null,""DisplayName"":""ELEXALDE 34 -NATXITUA"",""Address"":null,""Coordinates"":{""Latitude"":null,""Longitude"":null}}","944.651.019","015765aa@hezkuntza.net",,,"[""Lekeitio""]",,,,,"MARINA CIFUENTES GARCIA"
"JULI FORURIA",,"[""Infancia"",""Juventud""]","{""EntityType"":""LocalBusiness"",""LocationUri"":""https://www.bingapis.com/api/v6/localbusinesses/YN6306x5959213689151789935?setLang=es-ES"",""DisplayName"":""Escuela Privada De Música Juli Foruria"",""Address"":{""Street"":""Pl. San Juan de Ibarra, 2"",""City"":""Gernika-Lumo"",""State"":""Vizcaya"",""CountryOrRegion"":""ES"",""PostalCode"":""48300"",""Type"":""Unknown"",""IsInferred"":""False""},""Coordinates"":{""Latitude"":43.3173,""Longitude"":-2.67768}}","946.255.878","juliaforuria@telefonica.net",,,"[""Gernika""]",,,,"Point (-2.67768 43.3173)","CESAR ENRIQUE PINARGOTE GAVILANES"
"GANDASEGI",,"[""Infancia"",""Juventud""]",,"944.280.180","015053aa@hezkuntza.net",,,"[""Galdakao""]",,,,,"CESAR ENRIQUE PINARGOTE GAVILANES"
"BENGOETXE",,"[""Juventud""]",,"944.288.010","015088aa@hezkuntza.net",,,"[""Galdakao""]",,,,,"CESAR ENRIQUE PINARGOTE GAVILANES"
"URRETA",,"[""Infancia"",""Juventud""]",,"944.287.880","015101aa@hezkuntza.net",,,"[""Galdakao""]",,,,,"CESAR ENRIQUE PINARGOTE GAVILANES"
"OSTALARITZA ",,"[""Infancia"",""Juventud""]",,"944.560.458","015176aa@hezkuntza.net",,,"[""Galdakao""]",,,,,"CESAR ENRIQUE PINARGOTE GAVILANES"
"EGUZKIBEGI IKASTOLA",,"[""Infancia"",""Juventud""]",,"944.560.264","galdakao@ikastola.eus",,,"[""Galdakao""]",,,,,"CESAR ENRIQUE PINARGOTE GAVILANES"
"LARRABETZU",,"[""Infancia"",""Juventud""]",,"944.287.860","014327aa@hezkuntza.net",,,"[""Galdakao""]",,,,,"CESAR ENRIQUE PINARGOTE GAVILANES"
"UNKINA",,"[""Infancia"",""Juventud""]",,"944.280.190","014280aa@hezkuntza.net",,,"[""Galdakao""]",,,,,"CESAR ENRIQUE PINARGOTE GAVILANES"
"ELEXALDE",,"[""Juventud""]",,"944.288.008","014278aa@hezkuntza.net",,,"[""Galdakao""]",,,,,"CESAR ENRIQUE PINARGOTE GAVILANES"
"APERRIBAI",,"[""Infancia"",""Juventud""]",,"944.288.279","014268aa@hezkuntza.net",,,"[""Galdakao""]",,,,,"CESAR ENRIQUE PINARGOTE GAVILANES"
"KUKULLAGA",,"[""Infancia"",""Juventud""]",,"944.287.913","015725aa@hezkuntza.net",,,"[""Etxebarri""]",,,,,"CESAR ENRIQUE PINARGOTE GAVILANES"
"ETXEBARRI",,"[""Infancia"",""Juventud""]",,"944.287.992","015087aa@hezkuntza.net",,,"[""Etxebarri""]",,,,,"CESAR ENRIQUE PINARGOTE GAVILANES"
"ARRATIAKO ZULAIBAR LANBIDE IKASTEGIA ",,"[""Infancia"",""Juventud""]","{""EntityType"":""LocalBusiness"",""LocationUri"":""https://www.bingapis.com/api/v6/localbusinesses/YN6306x15027136919605345462?setLang=es-ES"",""DisplayName"":""Arratiako Zulaibar Lanbide Ikastegia"",""Address"":{""Street"":""BARRIO ZULAIBAR"",""City"":""Zeanuri"",""State"":""Vizcaya"",""CountryOrRegion"":""ES"",""PostalCode"":""48144"",""Type"":""Unknown"",""IsInferred"":""False""},""Coordinates"":{""Latitude"":43.1103,""Longitude"":-2.76118}}","946.739.116","info@zulaibar.net",,,"[""Arratia""]",,,,"Point (-2.76118 43.1103)","CESAR ENRIQUE PINARGOTE GAVILANES"
"ARRATIA",,"[""Infancia"",""Juventud""]","{""EntityType"":""LocalBusiness"",""LocationUri"":""https://www.bingapis.com/api/v6/localbusinesses/YN6306x13135693312580558921?setLang=es-ES"",""DisplayName"":""Arratia BHI"",""Address"":{""Street"":""Barro Olabarri, 32"",""City"":""Igorre"",""State"":""Vizcaya"",""CountryOrRegion"":""ES"",""PostalCode"":""48140"",""Type"":""Unknown"",""IsInferred"":""False""},""Coordinates"":{""Latitude"":43.1602,""Longitude"":-2.77964}}","944.287.934","014456aa@hezkuntza.net",,,"[""Arratia""]",,,,"Point (-2.77964 43.1602)","CESAR ENRIQUE PINARGOTE GAVILANES"
"IGNACIO ZUBIZARRETA",,"[""Infancia"",""Juventud""]","{""EntityType"":""LocalBusiness"",""LocationUri"":""https://www.bingapis.com/api/v6/localbusinesses/YN6306x8606153467490948111?setLang=es-ES"",""DisplayName"":""Colegio Público Ignacio Zubizarreta"",""Address"":{""Street"":""Lugar Barrio Olábarri, 0 S/N"",""City"":""Olabarri"",""State"":""BI"",""CountryOrRegion"":""ES"",""Type"":""Unknown"",""IsInferred"":""False""},""Coordinates"":{""Latitude"":43.1606,""Longitude"":-2.7762}}","946.736.022","014455aa@hezkuntza.net",,,"[""Arratia""]",,,,"Point (-2.7762 43.1606)","CESAR ENRIQUE PINARGOTE GAVILANES"
"JUAN B. EGUZKITZA MEABE",,"[""Infancia""]","{""EntityType"":""LocalBusiness"",""LocationUri"":""https://www.bingapis.com/api/v6/localbusinesses/YN6306x6363557696553585928?setLang=es-ES"",""DisplayName"":""CPI Juan B. Eguzkitza Meabe IPI"",""Address"":{""Street"":""23,Calle Del Lehendakari Aguirre"",""City"":""Lemoa"",""State"":""Vizcaya"",""CountryOrRegion"":""ES"",""PostalCode"":""48330"",""Type"":""Unknown"",""IsInferred"":""False""},""Coordinates"":{""Latitude"":43.2088,""Longitude"":-2.77105}}","944.280.120.000.000","014341aa@hezkuntza.net",,,"[""Arratia""]",,,,"Point (-2.77105 43.2088)","CESAR ENRIQUE PINARGOTE GAVILANES"
"DIMA-UGARANA",,"[""Infancia"",""Juventud""]","{""EntityType"":""LocalBusiness"",""LocationUri"":""https://www.bingapis.com/api/v6/localbusinesses/YN6306x17647846161579051530?setLang=es-ES"",""DisplayName"":""Colegio Público Dima Ugarana"",""Address"":{""Street"":""Lugar Barrio Telleri, 13"",""City"":""Ugarana"",""State"":""Vizcaya"",""CountryOrRegion"":""ES"",""PostalCode"":""48141"",""Type"":""Unknown"",""IsInferred"":""False""},""Coordinates"":{""Latitude"":43.1421,""Longitude"":-2.7496}}","946.315.532","014238aa@hezkuntza.net",,,"[""Arratia""]",,,,"Point (-2.7496 43.1421)","CESAR ENRIQUE PINARGOTE GAVILANES"
"ZEANURI",,"[""Infancia"",""Juventud""]","{""EntityType"":""LocalBusiness"",""LocationUri"":""https://www.bingapis.com/api/v6/localbusinesses/YN6306x16794777824634103945?setLang=es-ES"",""DisplayName"":""Colegio Público Zeanuri"",""Address"":{""Street"":""Barrio Albakoa, 27"",""City"":""Zeanuri"",""State"":""Vizcaya"",""CountryOrRegion"":""ES"",""Type"":""Unknown"",""IsInferred"":""False""},""Coordinates"":{""Latitude"":43.101,""Longitude"":-2.74838}}","944.288.275","014236aa@hezkuntza.net",,,"[""Arratia""]",,,,"Point (-2.74838 43.101)","CESAR ENRIQUE PINARGOTE GAVILANES"
"ARRATIA",,"[""Infancia"",""Juventud""]","{""EntityType"":null,""LocationUri"":null,""DisplayName"":""Herriko plaza. 2A"",""Address"":null,""Coordinates"":{""Latitude"":null,""Longitude"":null}}","944.287.815","014235aa@hezkuntza.net",,,"[""Arratia""]",,,,,"CESAR ENRIQUE PINARGOTE GAVILANES"
"BERMEO",,"[""Infancia"",""Juventud""]","{""EntityType"":""LocalBusiness"",""LocationUri"":""https://www.bingapis.com/api/v6/localbusinesses/YN6306x6784259795592542828?setLang=es-ES"",""DisplayName"":""Escuela Oficial De Idiomas"",""Address"":{""Street"":""Zubiaur-tar Kepa Kalea, 72, 48370 Bermeo, Bizkaia, Spain"",""City"":""Bermeo"",""State"":""Vizcaya"",""CountryOrRegion"":""ES"",""PostalCode"":""48370"",""Type"":""Unknown"",""IsInferred"":""False""},""Coordinates"":{""Latitude"":43.4193,""Longitude"":-2.7383}}","946.187.091","015555aa@hezkuntza.net","https://www.aldapeta.eus/",,"[""Bermeo""]",,,,"Point (-2.7383 43.4193)","MARINA CIFUENTES GARCIA"
"ARTEAKO HAURRESKOLA",,"[""Infancia"",""Juventud""]",,"946.024.639","artea.artea@haurreskolak.eus",,,"[""Llodio""]",,,,,"ANDREA ALVAREZ MARTINEZ"
"OKONDOKO HAURRESKOLA-AURORA MENDIETA",,,"{""EntityType"":""Custom"",""LocationUri"":null,""DisplayName"":""ARENALDE 7"",""Address"":null,""Coordinates"":{""Latitude"":null,""Longitude"":null}}","945.898.429","aurora.okondo@haurreskolak.eus",,,,,,,,"ANDREA ALVAREZ MARTINEZ"
"OKONDO",,,"{""EntityType"":""PostalAddress"",""LocationUri"":""https://www.bingapis.com/api/v6/geoentities?streetaddress=Malkuartu+Bidea%2c+2&locality=Llodio&subregion=%c3%81lava&region=Pa%c3%ads+Vasco+%2f+Euskadi&postalcode=01400&country=Espa%c3%b1a&setLang=es-ES%2ces-es&count=1"",""DisplayName"":""Malkuartu Bidea, 2"",""Address"":{""Street"":""Malkuartu Bidea, 2"",""City"":""Llodio"",""State"":""País Vasco / Euskadi"",""CountryOrRegion"":""España"",""PostalCode"":""01400"",""Type"":""Unknown"",""IsInferred"":""False""},""Coordinates"":{""Latitude"":null,""Longitude"":null}}","945.898.127","010040aa@hezkuntza.net","https://www.aldapeta.eus/",,,,,,,"ANDREA ALVAREZ MARTINEZ"
"LAUDIOKO HAURRESKOLA-MATXINTXU",,,"{""EntityType"":""LocalBusiness"",""LocationUri"":""https://www.bingapis.com/api/v6/localbusinesses/YN6306x3580774851121924355?setLang=es-ES"",""DisplayName"":""Partzuergoko Haur Eskola Laudioko Haurreskola Matxintxu"",""Address"":{""Street"":""Calle Ardantzazar, 5"",""City"":""Llodio"",""State"":""Álava"",""CountryOrRegion"":""ES"",""PostalCode"":""01400"",""Type"":""Unknown"",""IsInferred"":""False""},""Coordinates"":{""Latitude"":43.1445,""Longitude"":-2.96298}}","944.049.543","laudio.laudio@haurreskolak.eus",,,,,,,"Point (-2.96298 43.1445)","ANDREA ALVAREZ MARTINEZ"
"LAUDIO",,,"{""EntityType"":""LocalBusiness"",""LocationUri"":""https://www.bingapis.com/api/v6/localbusinesses/YN6306x157523925680315928?setLang=es-ES"",""DisplayName"":""IES Laudio"",""Address"":{""Street"":""Avenida de Zumalacárregui 34"",""City"":""Llodio"",""State"":""País Vasco "",""CountryOrRegion"":""ES"",""PostalCode"":""01400"",""Type"":""Unknown"",""IsInferred"":""False""},""Coordinates"":{""Latitude"":43.1438,""Longitude"":-2.96216}}","945.187.028","010351aa@hezkuntza.net","https://www.aldapeta.eus/",,,,,,"Point (-2.96216 43.1438)","ANDREA ALVAREZ MARTINEZ"
"LAUDIO IKASTOLA",,,"{""EntityType"":""LocalBusiness"",""LocationUri"":""https://www.bingapis.com/api/v6/localbusinesses/YN6306x524263962?setLang=es-ES"",""DisplayName"":""Laudio Ikastola"",""Address"":{""Street"":""Motxotekale, 16"",""City"":""Llodio"",""State"":""Álava"",""CountryOrRegion"":""ES"",""PostalCode"":""01400"",""Type"":""Unknown"",""IsInferred"":""False""},""Coordinates"":{""Latitude"":43.1465,""Longitude"":-2.96219}}","946.726.737","laudio@ikastola.eus",,,"[""Llodio""]",,,,"Point (-2.96219 43.1465)","ANDREA ALVAREZ MARTINEZ"
"AMAURRE",,"[""Infancia"",""Juventud""]","{""EntityType"":""LocalBusiness"",""LocationUri"":""https://www.bingapis.com/api/v6/localbusinesses/YN6306x10767044157837326102?setLang=es-ES"",""DisplayName"":""AMAURRE IKASTETXEA"",""Address"":{""Street"":""Calle de Dionisio Aldama 16"",""City"":""Amurrio"",""State"":""País Vasco "",""CountryOrRegion"":""ES"",""PostalCode"":""01470"",""Type"":""Unknown"",""IsInferred"":""False""},""Coordinates"":{""Latitude"":43.0494,""Longitude"":-3.00161}}","945.393.544","info@amaurre.eus","https://www.aldapeta.eus/",,"[""Aiara""]",,,,"Point (-3.00161 43.0494)","ANDREA ALVAREZ MARTINEZ"
"ZARAOBE",,"[""Juventud"",""Infancia""]","{""EntityType"":""LocalBusiness"",""LocationUri"":""https://www.bingapis.com/api/v6/localbusinesses/YN6306x500320746?setLang=es-ES"",""DisplayName"":""I.E.S. ZARAOBE"",""Address"":{""Street"":""C/ Etxebarriaur, 6"",""City"":""Amurrio"",""State"":""Álava"",""CountryOrRegion"":""ES"",""PostalCode"":""01470"",""Type"":""Unknown"",""IsInferred"":""False""},""Coordinates"":{""Latitude"":43.0499,""Longitude"":-3.00511}}","945.393.000","010319aa@hezkuntza.net",,,"[""Aiara""]",,,,"Point (-3.00511 43.0499)","ANDREA ALVAREZ MARTINEZ"
"MENDIKO ESKOLA",,"[""Infancia""]","{""EntityType"":""LocalBusiness"",""LocationUri"":""https://www.bingapis.com/api/v6/localbusinesses/YN6306x3337769602392483743?setLang=es-ES"",""DisplayName"":""CEIP Mendiko Eskola HLHI"",""Address"":{""Street"":""C/ Lucas Rey Nº15"",""City"":""Amurrio"",""State"":""Álava"",""CountryOrRegion"":""ES"",""PostalCode"":""01470"",""Type"":""Unknown"",""IsInferred"":""False""},""Coordinates"":{""Latitude"":43.0564,""Longitude"":-3.0034}}","945.890.481","010327aa@hezkuntza.net","https://www.aldapeta.eus/",,"[""Aiara""]",,,,"Point (-3.0034 43.0564)","ANDREA ALVAREZ MARTINEZ"
"AMURRIOKO HAURRESKOLA-TIPI-TAPA",,"[""Infancia""]","{""EntityType"":""Custom"",""LocationUri"":null,""DisplayName"":""Aranalde 5, 01470, Amurrio (País Vasco )"",""Address"":null,""Coordinates"":{""Latitude"":null,""Longitude"":null}}","945.893.259","tipitapa.amurrio@haurreskolak.eus",,,"[""Aiara""]",,,,,"ANDREA ALVAREZ MARTINEZ"
"ARTEKO GURE AMA",,"[""Juventud"",""Infancia""]","{""EntityType"":""LocalBusiness"",""LocationUri"":""https://www.bingapis.com/api/v6/localbusinesses/YN6306x839285004642012104?setLang=es-ES"",""DisplayName"":""E.P. Arteko Gure Ama"",""Address"":{""Street"":""Barcena, 1"",""City"":""Artziniega"",""State"":""Álava"",""CountryOrRegion"":""ES"",""PostalCode"":""01474"",""Type"":""Unknown"",""IsInferred"":""False""},""Coordinates"":{""Latitude"":43.1185,""Longitude"":-3.13341}}","945.187.212","010010aa@hezkuntza.net","https://www.aldapeta.eus/",,"[""Aiara""]",,,,"Point (-3.13341 43.1185)","ANDREA ALVAREZ MARTINEZ"
"ARESKETA IKASTOLA",,,"{""EntityType"":""LocalBusiness"",""LocationUri"":""https://www.bingapis.com/api/v6/localbusinesses/YN6306x13184777655933779473?setLang=es-ES"",""DisplayName"":""Aresketa Ikastola Kooperatiba Elkartea"",""Address"":{""Street"":""Aresketa, 2"",""City"":""Amurrio"",""State"":""Álava"",""CountryOrRegion"":""ES"",""PostalCode"":""01470"",""Type"":""Unknown"",""IsInferred"":""False""},""Coordinates"":{""Latitude"":43.0502,""Longitude"":-3.0101}}","945.890.360","idazkaritza@aresketaikastola.eus",,,"[""Aiara""]",,,,"Point (-3.0101 43.0502)","ANDREA ALVAREZ MARTINEZ"
"ZABALEKO",,"[""Infancia"",""Juventud""]","{""EntityType"":""LocalBusiness"",""LocationUri"":""https://www.bingapis.com/api/v6/localbusinesses/YN6306x12383707975025122811?setLang=es-ES"",""DisplayName"":""Colegio Público Zabaleko"",""Address"":{""Street"":""Zabaleko, 4"",""City"":""Amurrio"",""State"":""Álava"",""CountryOrRegion"":""ES"",""PostalCode"":""01470"",""Type"":""Unknown"",""IsInferred"":""False""},""Coordinates"":{""Latitude"":43.0607,""Longitude"":-2.99791}}","945.890.462","010003aa@hezkuntza.net",,,"[""Aiara""]",,,,"Point (-2.99791 43.0607)","ANDREA ALVAREZ MARTINEZ"
"ARETA HERRI ESKOLA",,,"{""EntityType"":""Custom"",""LocationUri"":null,""DisplayName"":""ARETA 45"",""Address"":null,""Coordinates"":{""Latitude"":null,""Longitude"":null}}","944.288.285","010027aa@hezkuntza.net","https://www.aldapeta.eus/",,"[""Llodio""]",,,,,"ANDREA ALVAREZ MARTINEZ"
"ARTZINIEGAKO HAURRESKOLA",,,"{""EntityType"":""Custom"",""LocationUri"":null,""DisplayName"":""BARCENA 1-3"",""Address"":null,""Coordinates"":{""Latitude"":null,""Longitude"":null}}","945.396.530","artziniega.artziniega@haurreskolak.eus","https://www.aldapeta.eus/",,"[""Aiara""]",,,,,"ANDREA ALVAREZ MARTINEZ"
"AMURRIOKO HAURRESKOLA-TANTAKA",,,"{""EntityType"":""LocalBusiness"",""LocationUri"":""https://www.bingapis.com/api/v6/localbusinesses/YN6306x11952146953054492569?setLang=es-ES"",""DisplayName"":""Cp Amurrioko Haurreskola-Tantaka"",""Address"":{""Street"":""C/ Etxegoien, 19"",""City"":""Amurrio"",""State"":""Álava"",""CountryOrRegion"":""ES"",""PostalCode"":""01470"",""Type"":""Unknown"",""IsInferred"":""False""},""Coordinates"":{""Latitude"":43.0506,""Longitude"":-3.00638}}","945.891.816","tantaka.amurrio@haurreskolak.eus",,,"[""Aiara""]",,,,"Point (-3.00638 43.0506)","ANDREA ALVAREZ MARTINEZ"
"ESCUELA MUNICIPAL DE MÚSICA DE AMURRIO",,"[""Infancia"",""Juventud""]","{""EntityType"":""LocalBusiness"",""LocationUri"":""https://www.bingapis.com/api/v6/localbusinesses/YN6306x5203913590842029451?setLang=es-ES"",""DisplayName"":""ESCUELA MUNICIPAL DE MUSICA AMURRIO"",""Address"":{""Street"":""C/ Aldai, 20"",""City"":""Amurrio"",""State"":""Álava"",""CountryOrRegion"":""ES"",""PostalCode"":""01470"",""Type"":""Unknown"",""IsInferred"":""False""},""Coordinates"":{""Latitude"":43.0494,""Longitude"":-3.00376}}","945.891.003","musikaeskola@amurrio.org",,,"[""Aiara""]",,,,"Point (-3.00376 43.0494)","ANDREA ALVAREZ MARTINEZ"
"LAUDIO IKASTOLA",,,"{""EntityType"":""LocalBusiness"",""LocationUri"":""https://www.bingapis.com/api/v6/localbusinesses/YN6306x524263962?setLang=es-ES"",""DisplayName"":""Laudio Ikastola"",""Address"":{""Street"":""Motxotekale, 16"",""City"":""Llodio"",""State"":""Álava"",""CountryOrRegion"":""ES"",""PostalCode"":""01400"",""Type"":""Unknown"",""IsInferred"":""False""},""Coordinates"":{""Latitude"":43.1465,""Longitude"":-2.96219}}","946.726.737","zuzendaria@laudioikastola.eus laudio@ikastola.eus",,,"[""Llodio""]",,,,"Point (-2.96219 43.1465)","ANDREA ALVAREZ MARTINEZ"
"LAUDIO ALDE LANBIDE ESKOLA",,,"{""EntityType"":""LocalBusiness"",""LocationUri"":""https://www.bingapis.com/api/v6/localbusinesses/YN6306x12911729383624454816?setLang=es-ES"",""DisplayName"":""Laudioalde Lanbide Eskola"",""Address"":{""Street"":""Calle de la Virgen del Carmen 17"",""City"":""Laudio "",""State"":""Basque Country"",""CountryOrRegion"":""ES"",""PostalCode"":""01400"",""Type"":""Unknown"",""IsInferred"":""False""},""Coordinates"":{""Latitude"":43.144,""Longitude"":-2.96003}}","946.720.505","010201aa@hezkuntza.net",,,"[""Llodio""]",,,,"Point (-2.96003 43.144)","ANDREA ALVAREZ MARTINEZ"
"LANDALUZE MUSIKALTEGIA",,,,,,,,,,,,,"ANDREA ALVAREZ MARTINEZ"
"GALDAKAOKO HAURRESKOLA-BIZKAI",,"[""Infancia""]",,"944.560.265","bizkaia.galdakao@haurreskolak.eus",,,"[""Galdakao""]",,,,,"CESAR ENRIQUE PINARGOTE GAVILANES"
"GALDAKAOKO HAURRESKOLA-KATAMAR",,"[""Infancia""]",,"944.262.139","katamar.galdakao@haurreskolak.eus",,,"[""Galdakao""]",,,,,"CESAR ENRIQUE PINARGOTE GAVILANES"
"GALDAKAOKO HAURRESKOLA-OBABA",,"[""Infancia""]",,"944.560.024","obaba.galdakao@haurreskolak.eus",,,"[""Galdakao""]",,,,,"CESAR ENRIQUE PINARGOTE GAVILANES"
"LARRABETZUKO HAURRESKOLA",,"[""Infancia""]",,"944.557.173","larrabetzu.larrabetzu@haurreskolak.eus",,,"[""Galdakao""]",,,,,"CESAR ENRIQUE PINARGOTE GAVILANES"
"ANDRA MARI",,"[""Infancia""]",,"944.562.720","014279aa@hezkuntza.net",,,"[""Galdakao""]",,,,,"CESAR ENRIQUE PINARGOTE GAVILANES"
"ARRATIA",,,"{""EntityType"":""LocalBusiness"",""LocationUri"":""https://www.bingapis.com/api/v6/localbusinesses/YN6306x523682818?setLang=es-ES"",""DisplayName"":""ARRATIAKO MUSIKA ESKOLA"",""Address"":{""Street"":""PLAZA HERRIKO 1"",""City"":""Artea"",""State"":""Vizcaya"",""CountryOrRegion"":""Spain"",""PostalCode"":""48142"",""Type"":""Unknown"",""IsInferred"":""False""},""Coordinates"":{""Latitude"":43.1353,""Longitude"":-2.78581}}","946.739.205","interklabe@gmail.com",,,"[""Arratia""]",,,,"Point (-2.78581 43.1353)","CESAR ENRIQUE PINARGOTE GAVILANES"
"ETXEBARRIKO HAURRESKOLA-ZINTURURI",,"[""Infancia""]",,"944.402.229","zintururi.etxebarri@haurreskolak.eus",,,"[""Etxebarri""]",,,,,"CESAR ENRIQUE PINARGOTE GAVILANES"
"MAXIMO MORENO",,,,"946.010.455","musikaeskola@galdakao.eus",,,"[""Galdakao""]",,,,,"CESAR ENRIQUE PINARGOTE GAVILANES"
"LARRABETZU",,,,"944.557.066","larrabetzume@gmail.com",,,"[""Galdakao""]",,,,,"CESAR ENRIQUE PINARGOTE GAVILANES"
"IGORREKO HAURRESKOLA-INAZIO ZUBIZARRETA",,"[""Infancia""]",,"946.024.639","artea.artea@haurreskolak.eus",,,"[""Arratia""]",,,,,"CESAR ENRIQUE PINARGOTE GAVILANES"
"ETXEBARRIKO HAURRESKOLA-BEKOSOLO",,"[""Infancia""]",,"944.403.500","etxebarri.etxebarri@haurreskolak.eus",,,"[""Etxebarri""]",,,,,"CESAR ENRIQUE PINARGOTE GAVILANES"
"GALDAKAO",,,,"944.566.098","014275aa@hezkuntza.net",,,"[""Galdakao""]",,,,,"CESAR ENRIQUE PINARGOTE GAVILANES"
"AREATZAKO HAURRESKOLA",,"[""Infancia""]",,"946.315.069","inaxiozubizarreta.igorre@haurreskolak.eus",,,"[""Arratia""]",,,,,"CESAR ENRIQUE PINARGOTE GAVILANES"
"ARTEAKO HAURRESKOLA",,"[""Infancia""]",,"946.557.055","areatza.areatza@haurreskolak.eus",,,"[""Arratia""]",,,,,"CESAR ENRIQUE PINARGOTE GAVILANES"
"DIMAKO HAURRESKOLA",,"[""Infancia""]","{""EntityType"":""LocalBusiness"",""LocationUri"":""https://www.bingapis.com/api/v6/localbusinesses/YN6306x7999831052055198553?setLang=es-ES"",""DisplayName"":""Cp Dima Haurreskola"",""Address"":{""Street"":""Barrio Telleri 4"",""City"":""Dima"",""State"":""Vizcaya"",""CountryOrRegion"":""ES"",""PostalCode"":""48141"",""Type"":""Unknown"",""IsInferred"":""False""},""Coordinates"":{""Latitude"":43.1206,""Longitude"":-2.73393}}","946.736.049","dima.dima@haurreskolak.eus",,,"[""Arratia""]",,,,"Point (-2.73393 43.1206)","CESAR ENRIQUE PINARGOTE GAVILANES"
"ZEANURIKO HAURRESKOLA",,"[""Infancia""]",,"946.739.725","zeanuri.zeanuri@haurreskolak.eus",,,"[""Arratia""]",,,,,"CESAR ENRIQUE PINARGOTE GAVILANES"
"BEDIAKO HAURRESKOLA-MARCELINO URIBIONDO",,"[""Infancia""]",,"946.312.439","marcelinouribiondo.bedia@haurreskolak.eus",,,"[""Arratia""]",,,,,"CESAR ENRIQUE PINARGOTE GAVILANES"
"LEMOAKO HAURRESKOLA",,"[""Infancia""]",,"946.312.108","lemoa.lemoa@haurreskolak.eus",,,"[""Arratia""]",,,,,"CESAR ENRIQUE PINARGOTE GAVILANES"
"BARRUTIA",,"[""Infancia"",""Juventud""]","{""EntityType"":null,""LocationUri"":null,""DisplayName"":""BARRUTIA, 8"",""Address"":null,""Coordinates"":{""Latitude"":null,""Longitude"":null}}","944.287.879","015020aa@hezkuntza.net",,,"[""Gernikaldea""]",,,,,"MARINA CIFUENTES GARCIA"
"JOSE ANTONIO EGIA",,"[""Infancia"",""Juventud""]","{""EntityType"":""LocalBusiness"",""LocationUri"":""https://www.bingapis.com/api/v6/localbusinesses/YN6306x16675453157433788473?setLang=es-ES"",""DisplayName"":""Escuela De Música José Antonio Egia"",""Address"":{""Street"":""Plaza Arana Goiri Tar Sabinen 0"",""City"":""Bermeo"",""State"":""Vizcaya"",""CountryOrRegion"":""ES"",""PostalCode"":""48370"",""Type"":""Unknown"",""IsInferred"":""False""},""Coordinates"":{""Latitude"":43.4203,""Longitude"":-2.72306}}","946.179.156","musikaeskola@bermeo.eus",,,"[""Bermeo""]",,,,"Point (-2.72306 43.4203)","MARINA CIFUENTES GARCIA"
"SEGUNDO OLAETA",,"[""Infancia"",""Juventud""]","{""EntityType"":""LocalBusiness"",""LocationUri"":""https://www.bingapis.com/api/v6/localbusinesses/YN6306x5158397473451173290?setLang=es-ES"",""DisplayName"":""Segundo Olaeta Musika Eskola"",""Address"":{""Street"":""Carmelo de Echegaray kalea, 2"",""City"":""Gernika-Lumo"",""State"":""Vizcaya"",""CountryOrRegion"":""ES"",""PostalCode"":""48300"",""Type"":""Unknown"",""IsInferred"":""False""},""Coordinates"":{""Latitude"":43.3098,""Longitude"":-2.68027}}","946.270.214","idazkaritza@segundoolaeta.net",,,"[""Gernika""]",,,,"Point (-2.68027 43.3098)","MARINA CIFUENTES GARCIA"
"JULI FORURIA",,"[""Infancia"",""Juventud""]","{""EntityType"":""Custom"",""LocationUri"":null,""DisplayName"":""SAN JUAN DE IBARRA, 2"",""Address"":null,""Coordinates"":{""Latitude"":null,""Longitude"":null}}","946.255.878","juliaforuria@telefonica.net",,,"[""Gernika""]",,,,,"MARINA CIFUENTES GARCIA"
"GERNIKA-LUMO",,"[""Infancia"",""Juventud""]","{""EntityType"":""Custom"",""LocationUri"":null,""DisplayName"":""ALHONDIGA, 6"",""Address"":null,""Coordinates"":{""Latitude"":null,""Longitude"":null}}","946.258.494","administrazioa@lanbide-ekimenak.eus",,,"[""Gernika""]",,,,,"MARINA CIFUENTES GARCIA"
"LEKEITIO",,"[""Infancia"",""Juventud""]","{""EntityType"":""PostalAddress"",""LocationUri"":""https://www.bingapis.com/api/v6/geoentities?streetaddress=Larrotegi+Kalea&locality=Lekeitio&subregion=Vizcaya&region=Pa%c3%ads+Vasco+%2f+Euskadi&postalcode=48280&country=Espa%c3%b1a&setLang=es-ES%2ces-es&count=1"",""DisplayName"":""Larrotegi Kalea"",""Address"":{""Street"":""Larrotegi Kalea"",""City"":""Lekeitio"",""State"":""País Vasco / Euskadi"",""CountryOrRegion"":""España"",""PostalCode"":""48280"",""Type"":""Unknown"",""IsInferred"":""False""},""Coordinates"":{""Latitude"":null,""Longitude"":null}}","944.288.287","014925aa@hezkuntza.net    zuzendaritza@lekeitiokoherrieskola.eus",,,"[""Lekeitio""]",,,,,"MARINA CIFUENTES GARCIA"
"BERMEO-SAN FRANCISCO",,"[""Infancia"",""Juventud""]","{""EntityType"":""LocalBusiness"",""LocationUri"":""https://www.bingapis.com/api/v6/localbusinesses/YN6306x13547669299254108044?setLang=es-ES"",""DisplayName"":""Cep Bermeo San Francisco Lhi"",""Address"":{""Street"":""Atalde Kalea, 0, 48370 Bermeo, Bizkaia, Spain"",""City"":""Bermeo"",""State"":""Vizcaya"",""CountryOrRegion"":""ES"",""PostalCode"":""48370"",""Type"":""Unknown"",""IsInferred"":""False""},""Coordinates"":{""Latitude"":43.4209,""Longitude"":-2.726}}","946.880.477","014923aa@hezkuntza.net",,,"[""Bermeo""]",,,,"Point (-2.726 43.4209)","MARINA CIFUENTES GARCIA"
"STA. MARÍA DEL SOCORRO",,"[""Infancia"",""Juventud""]","{""EntityType"":""LocalBusiness"",""LocationUri"":""https://www.bingapis.com/api/v6/localbusinesses/YN6306x3356179001006554927?setLang=es-ES"",""DisplayName"":""Mertzede Ikastetxea"",""Address"":{""Street"":""Calle San Bartolomé 7"",""City"":""Guernica"",""State"":""País Vasco"",""CountryOrRegion"":""ES"",""PostalCode"":""48300"",""Type"":""Unknown"",""IsInferred"":""False""},""Coordinates"":{""Latitude"":43.318,""Longitude"":-2.6749}}","946.250.496","ager@mertzede.com",,,"[""Gernika""]",,,,"Point (-2.6749 43.318)","MARINA CIFUENTES GARCIA"
"SAGRADO CORAZÓN",,"[""Infancia"",""Juventud""]","{""EntityType"":""LocalBusiness"",""LocationUri"":""https://www.bingapis.com/api/v6/localbusinesses/YN6306x13343043922062141724?setLang=es-ES"",""DisplayName"":""Colegio Sagrado Corazon Ikastetxea"",""Address"":{""Street"":""Avenida Matxitxako, 4 Bajo"",""City"":""Bizkaia"",""State"":""Vizcaya"",""CountryOrRegion"":""ES"",""PostalCode"":""48370"",""Type"":""Unknown"",""IsInferred"":""False""},""Coordinates"":{""Latitude"":43.4214,""Longitude"":-2.72385}}","946.880.222","zuzendaria@scbermeo.net",,,"[""Bermeo""]",,,,"Point (-2.72385 43.4214)","MARINA CIFUENTES GARCIA"
"RESURRECCIÓN M. DE AZKUE IKASTOLA",,"[""Infancia"",""Juventud""]","{""EntityType"":""LocalBusiness"",""LocationUri"":""https://www.bingapis.com/api/v6/localbusinesses/YN6306x3874079153558946013?setLang=es-ES"",""DisplayName"":""Azkue Ikastola"",""Address"":{""Street"":""Calle Atea 19"",""City"":""Lekeitio"",""State"":""Vizcaya"",""CountryOrRegion"":""ES"",""PostalCode"":""48280"",""Type"":""Unknown"",""IsInferred"":""False""},""Coordinates"":{""Latitude"":43.36,""Longitude"":-2.50588}}","946.840.959","lekeitio@ikastola.eus","http://lekeitiokoikastola.eus/",,"[""Lekeitio""]",,,,"Point (-2.50588 43.36)","MARINA CIFUENTES GARCIA"
"SEBER ALTUBE IKASTOLA",,"[""Infancia"",""Juventud""]","{""EntityType"":""LocalBusiness"",""LocationUri"":""https://www.bingapis.com/api/v6/localbusinesses/YN6306x7285794384821280223?setLang=es-ES"",""DisplayName"":""Seber Altube Ikastola"",""Address"":{""Street"":""CALLE ZEARRETA (ZG)"",""City"":""Gernika-Lumo"",""State"":""Vizcaya"",""CountryOrRegion"":""ES"",""PostalCode"":""48300"",""Type"":""Unknown"",""IsInferred"":""False""},""Coordinates"":{""Latitude"":43.3126,""Longitude"":-2.68284}}","946.270.003","seber@ikastola.eus",,,"[""Gernika""]",,,,"Point (-2.68284 43.3126)","MARINA CIFUENTES GARCIA"
"SAN FIDEL IKASTOLA",,"[""Infancia"",""Juventud""]","{""EntityType"":""LocalBusiness"",""LocationUri"":""https://www.bingapis.com/api/v6/localbusinesses/YN6306x5814516377705585157?setLang=es-ES"",""DisplayName"":""San Fidel Ikastola"",""Address"":{""Street"":""C/ Carlos Gangoiti, 11"",""City"":""Gernika-Lumo"",""State"":""Vizcaya"",""CountryOrRegion"":""ES"",""PostalCode"":""48300"",""Type"":""Unknown"",""IsInferred"":""False""},""Coordinates"":{""Latitude"":43.3177,""Longitude"":-2.67935}}","946.250.980","zuzendari@sfidelikastola.com",,,"[""Gernika""]",,,,"Point (-2.67935 43.3177)","MARINA CIFUENTES GARCIA"
"ELEIZALDE IKASTOLA",,"[""Infancia"",""Juventud""]","{""EntityType"":""LocalBusiness"",""LocationUri"":""https://www.bingapis.com/api/v6/localbusinesses/YN6306x2841595856597069150?setLang=es-ES"",""DisplayName"":""Luis Eleizalde Ikastola"",""Address"":{""Street"":""C/ Arene auzoa, 6"",""City"":""Bermeo"",""State"":""Vizcaya"",""CountryOrRegion"":""ES"",""PostalCode"":""48370"",""Type"":""Unknown"",""IsInferred"":""False""},""Coordinates"":{""Latitude"":43.4244,""Longitude"":-2.73563}}","946.187.593","bermeo@ikastola.eus       zuzendaritza@eleizaldeikastola.eus",,,"[""Bermeo""]",,,,"Point (-2.73563 43.4244)","MARINA CIFUENTES GARCIA"
"URREGARAI",,"[""Infancia"",""Juventud""]","{""EntityType"":""LocalBusiness"",""LocationUri"":""https://www.bingapis.com/api/v6/localbusinesses/YN6306x10788942424449705685?setLang=es-ES"",""DisplayName"":""Cep Urregarai Lhi"",""Address"":{""Street"":""Calle Aulestia 49"",""City"":""Aulesti"",""State"":""Vizcaya"",""CountryOrRegion"":""ES"",""PostalCode"":""48380"",""Type"":""Unknown"",""IsInferred"":""False""},""Coordinates"":{""Latitude"":43.2941,""Longitude"":-2.567}}","946.279.136","014369aa@hezkuntza.net",,,"[""Lekeitio""]",,,,"Point (-2.567 43.2941)","MARINA CIFUENTES GARCIA"
"MUNDAKA",,"[""Infancia"",""Juventud""]","{""EntityType"":""LocalBusiness"",""LocationUri"":""https://www.bingapis.com/api/v6/localbusinesses/YN6306x9994564013001861754?setLang=es-ES"",""DisplayName"":""E.P. MUNDAKA"",""Address"":{""Street"":""C/ Lehendakari Agirre enparantza, 1"",""City"":""Mundaka"",""State"":""Vizcaya"",""CountryOrRegion"":""Spain"",""PostalCode"":""48360"",""Type"":""Unknown"",""IsInferred"":""False""},""Coordinates"":{""Latitude"":43.4073,""Longitude"":-2.69841}}","944.287.922","014361aa@hezkuntza.net",,,"[""Bermeo""]",,,,"Point (-2.69841 43.4073)","MARINA CIFUENTES GARCIA"
"URRETXINDORRA",,"[""Infancia"",""Juventud""]","{""EntityType"":""Custom"",""LocationUri"":null,""DisplayName"":""KURTZERO 41"",""Address"":null,""Coordinates"":{""Latitude"":null,""Longitude"":null}}","946.251.281","014356aa@hezkuntza.net",,,"[""Gernikaldea""]",,,,,"MARINA CIFUENTES GARCIA"
"ISPASTER",,"[""Infancia"",""Juventud""]","{""EntityType"":""LocalBusiness"",""LocationUri"":""https://www.bingapis.com/api/v6/localbusinesses/YN6306x5694546179297995550?setLang=es-ES"",""DisplayName"":""Colegio Público Ispaster"",""Address"":{""Street"":""B.º Elejalde, 13"",""City"":""Ispaster-Elexalde"",""State"":""Vizcaya"",""CountryOrRegion"":""ES"",""PostalCode"":""48288"",""Type"":""Unknown"",""IsInferred"":""False""},""Coordinates"":{""Latitude"":43.3622,""Longitude"":-2.54416}}","946.840.263","eskola@ispasterkoeskola.com","https://www.aldapeta.eus/",,"[""Lekeitio""]",,,,"Point (-2.54416 43.3622)","MARINA CIFUENTES GARCIA"
"MONTORRE",,"[""Infancia"",""Juventud""]","{""EntityType"":""LocalBusiness"",""LocationUri"":""https://www.bingapis.com/api/v6/localbusinesses/YN6306x11517638231495320707?setLang=es-ES"",""DisplayName"":""E.P. MONTORRE"",""Address"":{""Street"":""C/ Mendialdua, 1"",""City"":""Gautegiz Arteaga"",""State"":""Vizcaya"",""CountryOrRegion"":""ES"",""PostalCode"":""48314"",""Type"":""Unknown"",""IsInferred"":""False""},""Coordinates"":{""Latitude"":43.3541,""Longitude"":-2.64946}}","944.287.902","014284aa@hezkuntza.net",,,"[""Gernikaldea""]",,,,"Point (-2.64946 43.3541)","MARINA CIFUENTES GARCIA"
"ALLENDE SALAZAR",,"[""Infancia"",""Juventud""]","{""EntityType"":""LocalBusiness"",""LocationUri"":""https://www.bingapis.com/api/v6/localbusinesses/YN6306x11632520379380487336?setLang=es-ES"",""DisplayName"":""Colegio Público Allende Salazar"",""Address"":{""Street"":""CALLE ZEARRETA 11"",""City"":""Gernika-Lumo"",""State"":""Vizcaya"",""CountryOrRegion"":""ES"",""PostalCode"":""48300"",""Type"":""Unknown"",""IsInferred"":""False""},""Coordinates"":{""Latitude"":43.3121,""Longitude"":-2.68285}}","944.287.859","014308aa@hezkuntza.net",,,"[""Gernika""]",,,,"Point (-2.68285 43.3121)","MARINA CIFUENTES GARCIA"
"JOSE M. UCELAY",,"[""Infancia"",""Juventud""]","{""EntityType"":null,""LocationUri"":null,""DisplayName"":""ALTAMIRA 37"",""Address"":null,""Coordinates"":{""Latitude"":null,""Longitude"":null}}","944.287.901","014230aa@hezkuntza.net",,,"[""Gernikaldea""]",,,,,"MARINA CIFUENTES GARCIA"
"ARRATIA",,,,"944.287.815","014235aa@hezkuntza.net",,,"[""Arratia""]",,,,,"CESAR ENRIQUE PINARGOTE GAVILANES"
"ARRATIA",,,,"946.739.205","interklabe@gmail.com",,,,,,,,"CESAR ENRIQUE PINARGOTE GAVILANES"
"DIMAKO HAURRESKOLA",,,,"946.736.049","dima.dima@haurreskolak.eus",,,,,,,,"CESAR ENRIQUE PINARGOTE GAVILANES"
"ZEANURIKO HAURRESKOLA",,,,"946.739.725","zeanuri.zeanuri@haurreskolak.eus",,,,,,,,"CESAR ENRIQUE PINARGOTE GAVILANES"
"BEDIAKO HAURRESKOLA-MARCELINO URIBIONDO",,,,"946.312.439","marcelinouribiondo.bedia@haurreskolak.eus",,,,,,,,"CESAR ENRIQUE PINARGOTE GAVILANES"
"IGORREKO HAURRESKOLA-INAZIO ZUBIZARRETA",,,,"946.315.069","inaxiozubizarreta.igorre@haurreskolak.eus",,,,,,,,"CESAR ENRIQUE PINARGOTE GAVILANES"
"AREATZAKO HAURRESKOLA",,,,"946.557.055","areatza.areatza@haurreskolak.eus",,,,,,,,"CESAR ENRIQUE PINARGOTE GAVILANES"
"DIMA-UGARANA",,,,"946.315.532","014238aa@hezkuntza.net",,,,,,,,"CESAR ENRIQUE PINARGOTE GAVILANES"
"JUAN B. EGUZKITZA MEABE",,,,"944.280.120","014341aa@hezkuntza.net",,,,,,,,"CESAR ENRIQUE PINARGOTE GAVILANES"
"AREATZA",,,,"944.288.082","014454aa@hezkuntza.net",,,,,,,,"CESAR ENRIQUE PINARGOTE GAVILANES"
"IGNACIO ZUBIZARRETA",,,,"946.736.022","014455aa@hezkuntza.net",,,,,,,,"CESAR ENRIQUE PINARGOTE GAVILANES"
"ARRATIA",,,,"944.287.934","014456aa@hezkuntza.net",,,,,,,,"CESAR ENRIQUE PINARGOTE GAVILANES"
"ARRATIAKO ZULAIBAR LANBIDE IKASTEGIA ",,,,"946.739.116","info@zulaibar.net",,,,,,,,"CESAR ENRIQUE PINARGOTE GAVILANES"
"BERMEO",,"[""Infancia"",""Juventud""]","{""EntityType"":""LocalBusiness"",""LocationUri"":""https://www.bingapis.com/api/v6/localbusinesses/YN6306x18397468801886384900?setLang=es-ES"",""DisplayName"":""Centro De Educacion Permanente De Adultos De Bermeo"",""Address"":{""Street"":""Zubiaur Tar Kepa, 1"",""City"":""Bermeo"",""State"":""Vizcaya"",""CountryOrRegion"":""ES"",""PostalCode"":""48370"",""Type"":""Unknown"",""IsInferred"":""False""},""Coordinates"":{""Latitude"":43.4195,""Longitude"":-2.7262}}","946.186.433","014094aa@hezkuntza.net",,,"[""Bermeo""]",,,,"Point (-2.7262 43.4195)","MARINA CIFUENTES GARCIA"
"MUNITIBAR",,"[""Infancia"",""Juventud""]","{""EntityType"":""Custom"",""LocationUri"":null,""DisplayName"":""HERRIKO PL. 7"",""Address"":null,""Coordinates"":{""Latitude"":null,""Longitude"":null}}","946.165.300","014025aa@hezkuntza.net",,,"[""Gernikaldea""]",,,,,"MARINA CIFUENTES GARCIA"
"AMOROTO",,"[""Infancia"",""Juventud""]","{""EntityType"":""Custom"",""LocationUri"":null,""DisplayName"":""ELEXALDE Z/G"",""Address"":null,""Coordinates"":{""Latitude"":null,""Longitude"":null}}","946.243.095","014021aa@hezkuntza.net",,,"[""Lekeitio""]",,,,,"MARINA CIFUENTES GARCIA"
